{
    "meta": {
        "total": 38,
        "page": 1,
        "page_size": 10,
        "total_pages": 4,
        "has_next": true,
        "has_prev": false,
        "next_page": 2,
        "prev_page": null
    },
    "data": [
        {
            "id": 5,
            "type": [
                {
                    "key": "ELECTTRICO",
                    "label": "Electtrico"
                },
                {
                    "key": "BANCA_DATI",
                    "label": "Banca Dati"
                }
            ],
            "description": "Test",
            "category": "etra",
            "date_Time": "2025-07-25T13:14:09.031028Z",
            "machine": 1,
            "alarm": 1
        },
        {
            "id": 6,
            "type": [
                {
                    "key": "HYDRAULICO",
                    "label": "Hydraulico"
                }
            ],
            "description": "Testing3 |Plastica| 00000|Via Sardegna BASSANO",
            "category": "etra",
            "date_Time": "2025-07-25T13:19:37.974772Z",
            "machine": 1,
            "alarm": 1
        },
        {
            "id": 7,
            "type": [
                {
                    "key": "HYDRAULICO",
                    "label": "Hydraulico"
                },
                {
                    "key": "ELECTTRICO",
                    "label": "Electtrico"
                }
            ],
            "description": "Testing |Plastica| 00000|Via Sardegna BASSANO",
            "category": "etra",
            "date_Time": "2025-07-25T13:20:31.461624Z",
            "machine": 1,
            "alarm": 1
        },
        {
            "id": 8,
            "type": [
                {
                    "key": "MECCANICO",
                    "label": "Meccanico"
                }
            ],
            "description": "Test4 |Plastica| 00000|Via Sardegna BASSANO",
            "category": "etra",
            "date_Time": "2025-07-25T13:21:00.961982Z",
            "machine": 1,
            "alarm": 1
        },
        {
            "id": 9,
            "type": [
                {
                    "key": "MECCANICO",
                    "label": "Meccanico"
                },
                {
                    "key": "HYDRAULICO",
                    "label": "Hydraulico"
                }
            ],
            "description": "Test4 |Plastica| 00000|Via Sardegna BASSANO",
            "category": "etra",
            "date_Time": "2025-07-25T13:23:34.777618Z",
            "machine": 1,
            "alarm": 1
        },
        {
            "id": 10,
            "type": [
                {
                    "key": "MECCANICO",
                    "label": "Meccanico"
                },
                {
                    "key": "HYDRAULICO",
                    "label": "Hydraulico"
                }
            ],
            "description": "Test5 |Plastica| 00000|Via Sardegna BASSANO",
            "category": "etra",
            "date_Time": "2025-07-25T13:24:56.117777Z",
            "machine": 1,
            "alarm": 1
        },
        {
            "id": 11,
            "type": [
                {
                    "key": "MECCANICO",
                    "label": "Meccanico"
                },
                {
                    "key": "ELECTTRICO",
                    "label": "Electtrico"
                }
            ],
            "description": "Test6 |Plastica| 00000|Via Sardegna BASSANO",
            "category": "etra",
            "date_Time": "2025-07-25T13:25:22.815997Z",
            "machine": 1,
            "alarm": 1
        },
        {
            "id": 12,
            "type": [
                {
                    "key": "ELECTTRICO",
                    "label": "Electtrico"
                },
                {
                    "key": "BANCA_DATI",
                    "label": "Banca Dati"
                }
            ],
            "description": "Hi",
            "category": "etra",
            "date_Time": "2025-07-25T13:28:14.301168Z",
            "machine": 1,
            "alarm": 1
        },
        {
            "id": 13,
            "type": [
                {
                    "key": "MECCANICO",
                    "label": "Meccanico"
                },
                {
                    "key": "HYDRAULICO",
                    "label": "Hydraulico"
                }
            ],
            "description": "I am testing this",
            "category": "etra",
            "date_Time": "2025-07-25T13:45:26.918678Z",
            "machine": 1,
            "alarm": 1
        },
        {
            "id": 14,
            "type": [
                {
                    "key": "MECCANICO",
                    "label": "Meccanico"
                },
                {
                    "key": "HYDRAULICO",
                    "label": "Hydraulico"
                }
            ],
            "description": "This is Final test",
            "category": "etra",
            "date_Time": "2025-07-25T13:48:07.120353Z",
            "machine": 1,
            "alarm": 1
        }
    ]
}