{
    "meta": {
        "total": 44,
        "page": 1,
        "page_size": 10,
        "total_pages": 5,
        "has_next": true,
        "has_prev": false,
        "next_page": 2,
        "prev_page": null
    },
    "data": [
        {
            "id": 1,
            "machine_Name": "1",
            "status": 1,
            "waste": "PLASTICA",
            "linux_Version": "00000",
            "start_Available": "0000-00-00",
            "end_Available": "0000-00-00",
            "street": "Via Sardegna BASSANO",
            "postal_Code": "00000",
            "province": "00000",
            "city": "00000",
            "country": "00000",
            "status_READY_D75_3_7": false,
            "status_Machine_Blocked": true,
            "codice_GPS": "0000",
            "sheet_Name": "Sheet2",
            "customer_Name": "etra",
            "matricola_Bte": "00000",
            "matricola_Kgn": "00000",
            "ip_Router": "10.20.1.39",
            "note": "00000",
            "gps_x": "",
            "gps_y": "",
            "municipility": "",
            "address": ""
        },
        {
            "id": 10,
            "machine_Name": "10",
            "status": 1,
            "waste": "SECCO",
            "linux_Version": "00000",
            "start_Available": "0000-00-00",
            "end_Available": "0000-00-00",
            "street": "VIA NARDI RUBANO (PD)",
            "postal_Code": "00000",
            "province": "00000",
            "city": "00000",
            "country": "00000",
            "status_READY_D75_3_7": true,
            "status_Machine_Blocked": false,
            "codice_GPS": "1315",
            "sheet_Name": "Sheet1",
            "customer_Name": "etra",
            "matricola_Bte": "00000",
            "matricola_Kgn": "241105",
            "ip_Router": "10.20.1.42",
            "note": "00000",
            "gps_x": "45.43089",
            "gps_y": "11.780787",
            "municipility": "RUBANO (PD)",
            "address": "VIA NARDI"
        },
        {
            "id": 101,
            "machine_Name": "101",
            "status": 0,
            "waste": "SECCO",
            "linux_Version": "v0",
            "start_Available": "2025-05-14",
            "end_Available": "2025-05-14",
            "street": "VIA CUISINATI ROSSANO VENETO",
            "postal_Code": "00000",
            "province": "test-province",
            "city": "test-city",
            "country": "Italy",
            "status_READY_D75_3_7": true,
            "status_Machine_Blocked": false,
            "codice_GPS": "32301",
            "sheet_Name": "Sheet101",
            "customer_Name": "etra",
            "matricola_Bte": "23P0521",
            "matricola_Kgn": "241026",
            "ip_Router": "10.20.1.71",
            "note": "----",
            "gps_x": "45.700772",
            "gps_y": "11.792885",
            "municipility": "ROSSANO VENETO",
            "address": "VIA CUISINATI"
        },
        {
            "id": 102,
            "machine_Name": "102",
            "status": 0,
            "waste": "PLASTICA",
            "linux_Version": "v0",
            "start_Available": "2025-05-14",
            "end_Available": "2025-05-14",
            "street": "VIA CUISINATI ROSSANO VENETO",
            "postal_Code": "00000",
            "province": "test-province",
            "city": "test-city",
            "country": "Italy",
            "status_READY_D75_3_7": true,
            "status_Machine_Blocked": false,
            "codice_GPS": "32501",
            "sheet_Name": "Sheet102",
            "customer_Name": "etra",
            "matricola_Bte": "23P0522",
            "matricola_Kgn": "241033",
            "ip_Router": "10.20.1.73",
            "note": "----",
            "gps_x": "45.700772",
            "gps_y": "11.792885",
            "municipility": "ROSSANO VENETO",
            "address": "VIA CUISINATI"
        },
        {
            "id": 103,
            "machine_Name": "103",
            "status": 0,
            "waste": "CARTA",
            "linux_Version": "v0",
            "start_Available": "2025-05-14",
            "end_Available": "2025-05-14",
            "street": "VIA CUISINATI ROSSANO VENETO",
            "postal_Code": "00000",
            "province": "test-province",
            "city": "test-city",
            "country": "Italy",
            "status_READY_D75_3_7": true,
            "status_Machine_Blocked": false,
            "codice_GPS": "32201",
            "sheet_Name": "Sheet103",
            "customer_Name": "etra",
            "matricola_Bte": "24P0025",
            "matricola_Kgn": "241021",
            "ip_Router": "10.20.1.72",
            "note": "----",
            "gps_x": "45.700772",
            "gps_y": "11.792885",
            "municipility": "ROSSANO VENETO",
            "address": "VIA CUISINATI"
        },
        {
            "id": 11,
            "machine_Name": "11",
            "status": 1,
            "waste": "CARTA",
            "linux_Version": "v1",
            "start_Available": "2024-01-01",
            "end_Available": "2025-01-01",
            "street": "VIA NARDI RUBANO (PD)",
            "postal_Code": "12345",
            "province": "Province Name",
            "city": "CityName",
            "country": "CountryName",
            "status_READY_D75_3_7": true,
            "status_Machine_Blocked": false,
            "codice_GPS": "1215",
            "sheet_Name": "Sheet1",
            "customer_Name": "etra",
            "matricola_Bte": "00000",
            "matricola_Kgn": "241104",
            "ip_Router": "10.20.1.35",
            "note": "00000",
            "gps_x": "45.43089",
            "gps_y": "11.780787",
            "municipility": "RUBANO (PD)",
            "address": "VIA NARDI"
        },
        {
            "id": 12,
            "machine_Name": "12",
            "status": 1,
            "waste": "PLASTICA",
            "linux_Version": "00000",
            "start_Available": "0000-00-00",
            "end_Available": "0000-00-00",
            "street": "VIA NARDI RUBANO (PD)",
            "postal_Code": "00000",
            "province": "00000",
            "city": "00000",
            "country": "00000",
            "status_READY_D75_3_7": true,
            "status_Machine_Blocked": false,
            "codice_GPS": "1515",
            "sheet_Name": "Sheet1",
            "customer_Name": "etra",
            "matricola_Bte": "00000",
            "matricola_Kgn": "241106",
            "ip_Router": "10.20.1.36",
            "note": "00000",
            "gps_x": "45.43089",
            "gps_y": "11.780787",
            "municipility": "RUBANO (PD)",
            "address": "VIA NARDI"
        },
        {
            "id": 13,
            "machine_Name": "13",
            "status": 1,
            "waste": "SECCO",
            "linux_Version": "00000",
            "start_Available": "0000-00-00",
            "end_Available": "0000-00-00",
            "street": "VIA GRONCHI RUBANO (PD)",
            "postal_Code": "00000",
            "province": "00000",
            "city": "00000",
            "country": "00000",
            "status_READY_D75_3_7": true,
            "status_Machine_Blocked": false,
            "codice_GPS": "1313",
            "sheet_Name": "Sheet1",
            "customer_Name": "etra",
            "matricola_Bte": "00000",
            "matricola_Kgn": "241134",
            "ip_Router": "10.20.1.17",
            "note": "00000",
            "gps_x": "45.427916",
            "gps_y": "11.810757",
            "municipility": "RUBANO (PD)",
            "address": "VIA GRONCHI"
        },
        {
            "id": 14,
            "machine_Name": "14",
            "status": 1,
            "waste": "CARTA",
            "linux_Version": "00000",
            "start_Available": "0000-00-00",
            "end_Available": "0000-00-00",
            "street": "VIA GRONCHI RUBANO (PD)",
            "postal_Code": "00000",
            "province": "00000",
            "city": "00000",
            "country": "00000",
            "status_READY_D75_3_7": true,
            "status_Machine_Blocked": false,
            "codice_GPS": "1213",
            "sheet_Name": "Sheet1",
            "customer_Name": "etra",
            "matricola_Bte": "00000",
            "matricola_Kgn": "241105",
            "ip_Router": "10.20.1.20",
            "note": "00000",
            "gps_x": "45.427916",
            "gps_y": "11.810757",
            "municipility": "RUBANO (PD)",
            "address": "VIA GRONCHI"
        },
        {
            "id": 15,
            "machine_Name": "15",
            "status": 1,
            "waste": "PLASTICA",
            "linux_Version": "00000",
            "start_Available": "0000-00-00",
            "end_Available": "0000-00-00",
            "street": "VIA GRONCHI RUBANO (PD)",
            "postal_Code": "00000",
            "province": "00000",
            "city": "00000",
            "country": "00000",
            "status_READY_D75_3_7": true,
            "status_Machine_Blocked": false,
            "codice_GPS": "1513",
            "sheet_Name": "Sheet3",
            "customer_Name": "etra",
            "matricola_Bte": "00000",
            "matricola_Kgn": "241108",
            "ip_Router": "10.20.1.30",
            "note": "00000",
            "gps_x": "45.427916",
            "gps_y": "11.810757",
            "municipility": "RUBANO (PD)",
            "address": "VIA GRONCHI"
        }
    ]
}