{
    "meta": {
        "total": 44,
        "page": 1,
        "page_size": 10,
        "total_pages": 5,
        "has_next": true,
        "has_prev": false,
        "next_page": 2,
        "prev_page": null
    },
    "data": [
        {
            "id": 1,
            "machine_Name": "1",
            "status": 1,
            "waste": "PLASTICA",
            "linux_Version": "00000",
            "start_Available": "0000-00-00",
            "end_Available": "0000-00-00",
            "street": "Via Sardegna BASSANO",
            "postal_Code": "00000",
            "province": "00000",
            "city": "00000",
            "country": "00000",
            "status_READY_D75_3_7": false,
            "status_Machine_Blocked": true,
            "codice_GPS": "0000",
            "sheet_Name": "Sheet2",
            "customer_Name": "etra",
            "matricola_Bte": "00000",
            "matricola_Kgn": "00000",
            "ip_Router": "10.20.1.39",
            "note": "00000",
            "gps_x": "",
            "gps_y": "",
            "municipility": "",
            "customer": "",
            "address": ""
        },
        {
            "id": 10,
            "machine_Name": "10",
            "status": 1,
            "waste": "SECCO",
            "linux_Version": "00000",
            "start_Available": "0000-00-00",
            "end_Available": "0000-00-00",
            "street": "VIA NARDI RUBANO (PD)",
            "postal_Code": "00000",
            "province": "00000",
            "city": "00000",
            "country": "00000",
            "status_READY_D75_3_7": true,
            "status_Machine_Blocked": false,
            "codice_GPS": "1315",
            "sheet_Name": "Sheet1",
            "customer_Name": "etra",
            "matricola_Bte": "00000",
            "matricola_Kgn": "241105",
            "ip_Router": "10.20.1.42",
            "note": "00000",
            "gps_x": "45.43089",
            "gps_y": "11.780787",
            "municipility": "RUBANO (PD)",
            "customer": "etra",
            "address": "VIA NARDI"
        },
        {
            "id": 101,
            "machine_Name": "101",
            "status": 0,
            "waste": "SECCO",
            "linux_Version": "v0",
            "start_Available": "2025-05-14",
            "end_Available": "2025-05-14",
            "street": "via Cusinati Rossano Veneto",
            "postal_Code": "00000",
            "province": "test-province",
            "city": "test-city",
            "country": "Italy",
            "status_READY_D75_3_7": true,
            "status_Machine_Blocked": false,
            "codice_GPS": "32301",
            "sheet_Name": "Sheet101",
            "customer_Name": "etra",
            "matricola_Bte": "23P0521",
            "matricola_Kgn": "241026",
            "ip_Router": "10.20.1.71",
            "note": "----",
            "gps_x": "45.700772",
            "gps_y": "11.792885",
            "municipility": "Rossano Veneto",
            "customer": "etra",
            "address": "via Cusinati"
        },
        {
            "id": 102,
            "machine_Name": "102",
            "status": 0,
            "waste": "PLASTICA",
            "linux_Version": "v0",
            "start_Available": "2025-05-14",
            "end_Available": "2025-05-14",
            "street": "via Cusinati Rossano Veneto",
            "postal_Code": "00000",
            "province": "test-province",
            "city": "test-city",
            "country": "Italy",
            "status_READY_D75_3_7": true,
            "status_Machine_Blocked": false,
            "codice_GPS": "32501",
            "sheet_Name": "Sheet102",
            "customer_Name": "etra",
            "matricola_Bte": "23P0522",
            "matricola_Kgn": "241033",
            "ip_Router": "10.20.1.73",
            "note": "----",
            "gps_x": "45.700772",
            "gps_y": "11.792885",
            "municipility": "Rossano Veneto",
            "customer": "etra",
            "address": "via Cusinati"
        },
        {
            "id": 103,
            "machine_Name": "103",
            "status": 0,
            "waste": "CARTA",
            "linux_Version": "v0",
            "start_Available": "2025-05-14",
            "end_Available": "2025-05-14",
            "street": "via Cusinati Rossano Veneto",
            "postal_Code": "00000",
            "province": "test-province",
            "city": "test-city",
            "country": "Italy",
            "status_READY_D75_3_7": true,
            "status_Machine_Blocked": false,
            "codice_GPS": "32201",
            "sheet_Name": "Sheet103",
            "customer_Name": "etra",
            "matricola_Bte": "24P0025",
            "matricola_Kgn": "241021",
            "ip_Router": "10.20.1.72",
            "note": "----",
            "gps_x": "45.700772",
            "gps_y": "11.792885",
            "municipility": "Rossano Veneto",
            "customer": "etra",
            "address": "via Cusinati"
        },
        {
            "id": 11,
            "machine_Name": "11",
            "status": 1,
            "waste": "CARTA",
            "linux_Version": "v1",
            "start_Available": "2024-01-01",
            "end_Available": "2025-01-01",
            "street": "VIA NARDI RUBANO (PD)",
            "postal_Code": "12345",
            "province": "Province Name",
            "city": "CityName",
            "country": "CountryName",
            "status_READY_D75_3_7": true,
            "status_Machine_Blocked": false,
            "codice_GPS": "1215",
            "sheet_Name": "Sheet1",
            "customer_Name": "etra",
            "matricola_Bte": "00000",
            "matricola_Kgn": "241104",
            "ip_Router": "10.20.1.35",
            "note": "00000",
            "gps_x": "45.43089",
            "gps_y": "11.780787",
            "municipility": "RUBANO (PD)",
            "customer": "etra",
            "address": "VIA NARDI"
        },
        {
            "id": 12,
            "machine_Name": "12",
            "status": 1,
            "waste": "PLASTICA",
            "linux_Version": "00000",
            "start_Available": "0000-00-00",
            "end_Available": "0000-00-00",
            "street": "VIA NARDI RUBANO (PD)",
            "postal_Code": "00000",
            "province": "00000",
            "city": "00000",
            "country": "00000",
            "status_READY_D75_3_7": true,
            "status_Machine_Blocked": false,
            "codice_GPS": "1515",
            "sheet_Name": "Sheet1",
            "customer_Name": "etra",
            "matricola_Bte": "00000",
            "matricola_Kgn": "241106",
            "ip_Router": "10.20.1.36",
            "note": "00000",
            "gps_x": "45.43089",
            "gps_y": "11.780787",
            "municipility": "RUBANO (PD)",
            "customer": "etra",
            "address": "VIA NARDI"
        },
        {
            "id": 13,
            "machine_Name": "13",
            "status": 1,
            "waste": "SECCO",
            "linux_Version": "00000",
            "start_Available": "0000-00-00",
            "end_Available": "0000-00-00",
            "street": "VIA GRONCHI RUBANO (PD)",
            "postal_Code": "00000",
            "province": "00000",
            "city": "00000",
            "country": "00000",
            "status_READY_D75_3_7": true,
            "status_Machine_Blocked": false,
            "codice_GPS": "1313",
            "sheet_Name": "Sheet1",
            "customer_Name": "etra",
            "matricola_Bte": "00000",
            "matricola_Kgn": "241134",
            "ip_Router": "10.20.1.17",
            "note": "00000",
            "gps_x": "45.427916",
            "gps_y": "11.810757",
            "municipility": "RUBANO (PD)",
            "customer": "etra",
            "address": "VIA GRONCHI"
        },
        {
            "id": 14,
            "machine_Name": "14",
            "status": 1,
            "waste": "CARTA",
            "linux_Version": "00000",
            "start_Available": "0000-00-00",
            "end_Available": "0000-00-00",
            "street": "VIA GRONCHI RUBANO (PD)",
            "postal_Code": "00000",
            "province": "00000",
            "city": "00000",
            "country": "00000",
            "status_READY_D75_3_7": true,
            "status_Machine_Blocked": false,
            "codice_GPS": "1213",
            "sheet_Name": "Sheet1",
            "customer_Name": "etra",
            "matricola_Bte": "00000",
            "matricola_Kgn": "241105",
            "ip_Router": "10.20.1.20",
            "note": "00000",
            "gps_x": "45.427916",
            "gps_y": "11.810757",
            "municipility": "RUBANO (PD)",
            "customer": "etra",
            "address": "VIA GRONCHI"
        },
        {
            "id": 15,
            "machine_Name": "15",
            "status": 1,
            "waste": "PLASTICA",
            "linux_Version": "00000",
            "start_Available": "0000-00-00",
            "end_Available": "0000-00-00",
            "street": "VIA GRONCHI RUBANO (PD)",
            "postal_Code": "00000",
            "province": "00000",
            "city": "00000",
            "country": "00000",
            "status_READY_D75_3_7": true,
            "status_Machine_Blocked": false,
            "codice_GPS": "1513",
            "sheet_Name": "Sheet3",
            "customer_Name": "etra",
            "matricola_Bte": "00000",
            "matricola_Kgn": "241108",
            "ip_Router": "10.20.1.30",
            "note": "00000",
            "gps_x": "45.427916",
            "gps_y": "11.810757",
            "municipility": "RUBANO (PD)",
            "customer": "etra",
            "address": "VIA GRONCHI"
        }
    ]
}


{
    "access": "eyJhbGciOiJIUzI1NiIsInR5cCI6IkpXVCJ9.eyJ0b2tlbl90eXBlIjoiYWNjZXNzIiwiZXhwIjoxNzU1Nzg5ODg5LCJpYXQiOjE3NTU3ODYyODksImp0aSI6IjliZGFhNzJkODI2ZTQ4OGJhYjAxZjMyOWExNTJjZDc5IiwidXNlcl9pZCI6IjMifQ.RN8-Mq58t6Aj3sdMNeMjjWxw_qVTPctCygQDob2jAso",
    "refresh": "eyJhbGciOiJIUzI1NiIsInR5cCI6IkpXVCJ9.eyJ0b2tlbl90eXBlIjoicmVmcmVzaCIsImV4cCI6MTc1NjM5MTA4OSwiaWF0IjoxNzU1Nzg2Mjg5LCJqdGkiOiIwMWY0OGRkOGUyMjA0MzFkODU3ZTk1YzJkZDFlZDNlNSIsInVzZXJfaWQiOiIzIn0.L4H3-yxKrQzT3jC39QMCYdqtSnVtt38GSOrJiW98rfY",
    "token_type": "Bearer",
    "user": {
        "id": 3,
        "username": "asia_customer1",
        "email": "operativo@asia.tn.it",
        "first_name": "asia",
        "last_name": "customer"
    }
}%  


curl -X POST http: //35.152.52.213/myapi/api/auth/login/ \
  -H "Content-Type: application/json" \
  -d '{
    "username": "admin",
    "password": "Kgn2024@"
}'


  {
    "access": "eyJhbGciOiJIUzI1NiIsInR5cCI6IkpXVCJ9.eyJ0b2tlbl90eXBlIjoiYWNjZXNzIiwiZXhwIjoxNzU1NzkxOTU5LCJpYXQiOjE3NTU3ODgzNTksImp0aSI6IjVhNDJhMTUzYTJjZTQ3NThiNTdmYTU5NWU1OGRiZmMyIiwidXNlcl9pZCI6IjEifQ.pTMb8XwVccgDxyfC9RM4842mNZSKGB_Newqqdgn422w",
    "refresh": "eyJhbGciOiJIUzI1NiIsInR5cCI6IkpXVCJ9.eyJ0b2tlbl90eXBlIjoicmVmcmVzaCIsImV4cCI6MTc1NjM5MzE1OSwiaWF0IjoxNzU1Nzg4MzU5LCJqdGkiOiIyZTUwNTcwYWU3Zjk0ZjlhYjM0NGZhMTI3NTAzZDI5MSIsInVzZXJfaWQiOiIxIn0.DUE5GkrY3pFKouwcCqWnGsYxDs-YiiPVk4x9DRgmZAA",
    "token_type": "Bearer",
    "user": {
        "id": 1,
        "username": "admin",
        "email": "",
        "first_name": "admin",
        "last_name": ""
    }
}%   

curl -X GET http://35.152.52.213/myapi/joined-machines-gps/ \
     -H "Authorization: Bearer eyJhbGciOiJIUzI1NiIsInR5cCI6IkpXVCJ9.eyJ0b2tlbl90eXBlIjoiYWNjZXNzIiwiZXhwIjoxNzU1NzkxOTU5LCJpYXQiOjE3NTU3ODgzNTksImp0aSI6IjVhNDJhMTUzYTJjZTQ3NThiNTdmYTU5NWU1OGRiZmMyIiwidXNlcl9pZCI6IjEifQ.pTMb8XwVccgDxyfC9RM4842mNZSKGB_Newqqdgn422w"

curl -X POST http: //35.152.52.213/myapi/api/auth/login/ \
  -H "Content-Type: application/json" \
  -d '{
    "username": "asia_customer1",
    "password": "Asia2024@"
}'

{
    "access": "eyJhbGciOiJIUzI1NiIsInR5cCI6IkpXVCJ9.eyJ0b2tlbl90eXBlIjoiYWNjZXNzIiwiZXhwIjoxNzU1NzkyMjA3LCJpYXQiOjE3NTU3ODg2MDcsImp0aSI6IjhiYTY4MjM4OTVmYjQzNzlhNGFkMmU0NDM1NjNiNDg1IiwidXNlcl9pZCI6IjMifQ.Gf_VhycYAiveGTbEVYSNJeBU-KS-QUULx0x7iFNncnA",
    "refresh": "eyJhbGciOiJIUzI1NiIsInR5cCI6IkpXVCJ9.eyJ0b2tlbl90eXBlIjoicmVmcmVzaCIsImV4cCI6MTc1NjM5MzQwNywiaWF0IjoxNzU1Nzg4NjA3LCJqdGkiOiI3ZTI0ZTY0ZDIyOTc0ZmMxYWNlMDVlNmY0ZGM2Yjg0NCIsInVzZXJfaWQiOiIzIn0.4NmrJQHrEaBMoJ1R6VLUZpbWXI2RTB0sL5LueoiO9_o",
    "token_type": "Bearer",
    "user": {
        "id": 3,
        "username": "asia_customer1",
        "email": "operativo@asia.tn.it",
        "first_name": "asia",
        "last_name": "customer"
    }
}



curl -X GET http://localhost:8003/myapi/joined-machines-gps/ \
     -H "Authorization: Bearer eyJhbGciOiJIUzI1NiIsInR5cCI6IkpXVCJ9.eyJ0b2tlbl90eXBlIjoiYWNjZXNzIiwiZXhwIjoxNzU1Nzg5ODg5LCJpYXQiOjE3NTU3ODYyODksImp0aSI6IjliZGFhNzJkODI2ZTQ4OGJhYjAxZjMyOWExNTJjZDc5IiwidXNlcl9pZCI6IjMifQ.RN8-Mq58t6Aj3sdMNeMjjWxw_qVTPctCygQDob2jAso"{
    "meta": {
        "total": 3,
        "page": 1,
        "page_size": 10,
        "total_pages": 1,
        "has_next": false,
        "has_prev": false,
        "next_page": null,
        "prev_page": null
    },
    "data": [
        {
            "id": 18,
            "machine_Name": "18",
            "status": 1,
            "waste": "PLASTICA",
            "linux_Version": "00000",
            "start_Available": "0000-00-00",
            "end_Available": "0000-00-00",
            "street": "ST. S.VIGILIO VALLELAGHI (TN)",
            "postal_Code": "00000",
            "province": "00000",
            "city": "00000",
            "country": "00000",
            "status_READY_D75_3_7": true,
            "status_Machine_Blocked": false,
            "codice_GPS": "88503",
            "sheet_Name": "Sheet3",
            "customer_Name": "asia",
            "matricola_Bte": "00000",
            "matricola_Kgn": "240720",
            "ip_Router": "10.20.1.15",
            "note": "00000",
            "gps_x": "46.064386",
            "gps_y": "10.940783",
            "municipility": "VALLELAGHI (TN)",
            "customer": "asia",
            "address": "ST. S.VIGILIO"
        },
        {
            "id": 4,
            "machine_Name": "4",
            "status": 1,
            "waste": "CARTA",
            "linux_Version": "00000",
            "start_Available": "0000-00-00",
            "end_Available": "0000-00-00",
            "street": "ST. S.VIGILIO VALLELAGHI (TN)",
            "postal_Code": "00000",
            "province": "00000",
            "city": "00000",
            "country": "00000",
            "status_READY_D75_3_7": true,
            "status_Machine_Blocked": false,
            "codice_GPS": "88203",
            "sheet_Name": "Sheet2",
            "customer_Name": "asia",
            "matricola_Bte": "00000",
            "matricola_Kgn": "240721",
            "ip_Router": "10.20.1.12",
            "note": "00000",
            "gps_x": "46.064386",
            "gps_y": "10.940783",
            "municipility": "VALLELAGHI (TN)",
            "customer": "asia",
            "address": "ST. S.VIGILIO"
        },
        {
            "id": 70,
            "machine_Name": "70",
            "status": 0,
            "waste": "SECCO",
            "linux_Version": "v0",
            "start_Available": "2025-02-26",
            "end_Available": "2025-02-26",
            "street": "via Toscana Rubano",
            "postal_Code": "00000",
            "province": "test-province",
            "city": "test-city",
            "country": "Italy",
            "status_READY_D75_3_7": true,
            "status_Machine_Blocked": false,
            "codice_GPS": "88205",
            "sheet_Name": "Sheet13",
            "customer_Name": "asia",
            "matricola_Bte": "00000",
            "matricola_Kgn": "000000",
            "ip_Router": "10.20.1.13",
            "note": "00000",
            "gps_x": "46.216018",
            "gps_y": "11.087447",
            "municipility": "MEZZOLOMBARDO (",
            "customer": "asia",
            "address": "VIA G.GARIBALDI"
        }
    ]
}% 

TOKEN=$(curl -s -X POST http://35.152.52.213/myapi/api/auth/login/ \
  -H "Content-Type: application/json" \
  -d '{
    "username": "geovest_customer1",
    "password": "Geovest2024@"
}' | python3 -c "import sys, json; print(json.load(sys.stdin)['access'])")

curl -X GET http://35.152.52.213/myapi/joined-machines-gps/ \
  -H "Authorization: Bearer $TOKEN"


  
TOKEN=$(curl -s -X POST http://localhost:8003/myapi/api/auth/login/ \
  -H "Content-Type: application/json" \
  -d '{
    "username": "geovest_customer1",
    "password": "Geovest2024@"
}' | python3 -c "import sys, json; print(json.load(sys.stdin)['access'])")

curl -X GET http://localhost:8003/myapi/joined-machines-gps/ \
  -H "Authorization: Bearer $TOKEN"
