{
    "count": 14,
    "next": null,
    "previous": null,
    "results": [
        {
            "id": 1,
            "password": "pbkdf2_sha256$720000$D4MR5n6X5xhQF29ZeJgJwg$W00IM6Rxi63GK/1Q11+EVAjTEOBOmJfw3DdhxDkW6lg=",
            "last_login": "2025-07-18T06:55:26.776349Z",
            "is_superuser": true,
            "username": "admin",
            "first_name": "",
            "last_name": "",
            "email": "",
            "is_staff": true,
            "is_active": true,
            "date_joined": "2024-10-04T09:18:40.970596Z",
            "groups": [],
            "user_permissions": []
        },
        {
            "id": 2,
            "password": "pbkdf2_sha256$720000$9hApOKNBY6NnJKRzH1nxEE$l3skQyE4iU2nk683ZmSX64yahnaYSxcGhkrNEoteafQ=",
            "last_login": null,
            "is_superuser": false,
            "username": "IT_support",
            "first_name": "",
            "last_name": "",
            "email": "develop@kgn.it",
            "is_staff": false,
            "is_active": true,
            "date_joined": "2024-10-05T09:38:00Z",
            "groups": [],
            "user_permissions": []
        },
        {
            "id": 3,
            "password": "pbkdf2_sha256$720000$toQ6jgHunKKAgjX0KfoQMC$A5icTleC0bxMm0k8xTq0zn874CsnMy2xFFwonD7d8bs=",
            "last_login": "2025-06-25T14:52:24.525808Z",
            "is_superuser": false,
            "username": "asia_customer1",
            "first_name": "asia",
            "last_name": "customer",
            "email": "operativo@asia.tn.it",
            "is_staff": true,
            "is_active": true,
            "date_joined": "2024-10-05T10:38:49Z",
            "groups": [],
            "user_permissions": [
                32
            ]
        },
        {
            "id": 7,
            "password": "pbkdf2_sha256$720000$Hzmj3xsj4qo5PRrnPFAcs0$pK4+YfhFOfMWDPwnXgHf77U+tJ+zSyIOorb5s3UXMa4=",
            "last_login": "2025-06-25T14:51:05.723049Z",
            "is_superuser": false,
            "username": "etra_customer1",
            "first_name": "",
            "last_name": "",
            "email": "presscontainer@etraspa.it",
            "is_staff": true,
            "is_active": true,
            "date_joined": "2024-10-05T10:47:32Z",
            "groups": [],
            "user_permissions": []
        },
        {
            "id": 8,
            "password": "pbkdf2_sha256$720000$JPqsyo7xQAEhGwVSFhJB7y$yZ6lAQD2DYohtI/nKdTLIwT3hwdbuIJXaswPNJnyb0M=",
            "last_login": null,
            "is_superuser": false,
            "username": "kgn_1",
            "first_name": "",
            "last_name": "",
            "email": "assistenzapress@kgn.it",
            "is_staff": false,
            "is_active": true,
            "date_joined": "2024-10-05T10:48:52Z",
            "groups": [],
            "user_permissions": []
        },
        {
            "id": 11,
            "password": "pbkdf2_sha256$720000$Phy8dqiS6SH3dBZPs9m5ZA$LlFWdVFC8XTISA5O3etkcXqQ43Ltjet3qSEmp1cvx5A=",
            "last_login": null,
            "is_superuser": false,
            "username": "etra_driver1",
            "first_name": "Etra",
            "last_name": "Driver",
            "email": "serviziscarrabili@etraspa.it",
            "is_staff": true,
            "is_active": true,
            "date_joined": "2025-02-21T08:50:10Z",
            "groups": [],
            "user_permissions": [
                32
            ]
        },
        {
            "id": 12,
            "password": "pbkdf2_sha256$720000$JMOmxjwXi1KX54mcnGYDqp$6xLXpN8/nCaYIb032FBzsJZ33lznSEKP0pzwCeHO0Sk=",
            "last_login": "2025-06-19T15:27:31.275158Z",
            "is_superuser": false,
            "username": "geovest_customer1",
            "first_name": "Geo",
            "last_name": "Vest",
            "email": "ecostation@geovest.it",
            "is_staff": true,
            "is_active": true,
            "date_joined": "2025-03-05T10:27:17Z",
            "groups": [],
            "user_permissions": []
        },
        {
            "id": 14,
            "password": "pbkdf2_sha256$720000$Zf5tQraomZ5b2Ydmq0LCk2$O9mDX1YRSzma3cNReoKuV3cR/ON7NQ8H+FNCyVXBtZk=",
            "last_login": "2025-07-07T07:10:04.315512Z",
            "is_superuser": false,
            "username": "ambiente_customer1",
            "first_name": "Ambiente",
            "last_name": "customer",
            "email": "lorenzo.girasante@ambientespa.net",
            "is_staff": true,
            "is_active": true,
            "date_joined": "2025-04-14T12:41:49Z",
            "groups": [],
            "user_permissions": []
        },
        {
            "id": 19,
            "password": "pbkdf2_sha256$720000$hngvZ5BMRsg9xtB0kmBbbQ$CYbRheCxUppx4GBeVoEPVnx3txeCCDumbZ9n65IR+Xo=",
            "last_login": "2025-05-19T14:13:34Z",
            "is_superuser": false,
            "username": "AlonGroup_customer1",
            "first_name": "Alon",
            "last_name": "Group",
            "email": "eran@alon-group.com",
            "is_staff": true,
            "is_active": true,
            "date_joined": "2025-05-19T14:12:39Z",
            "groups": [],
            "user_permissions": []
        },
        {
            "id": 20,
            "password": "pbkdf2_sha256$720000$KxYn9VFFVzhVscu70lOUW2$BlTo9cd20b2JBvMUciT+c4ObVrFYQuu3cWJRPOdeSr8=",
            "last_login": "2025-07-21T06:27:02.248282Z",
            "is_superuser": false,
            "username": "geovest_customer2",
            "first_name": "Geo",
            "last_name": "Vest",
            "email": "ufficiotecnico@geovest.it",
            "is_staff": true,
            "is_active": true,
            "date_joined": "2025-06-11T14:08:37Z",
            "groups": [],
            "user_permissions": []
        },
        {
            "id": 21,
            "password": "pbkdf2_sha256$720000$HYVEQhOxFMqopvglujLOKP$hMocOYHPSi8VjIhrpTx7B6pjC1e2fJihchRQZ/hGflU=",
            "last_login": "2025-06-26T12:34:58.577614Z",
            "is_superuser": false,
            "username": "geovest_customer3",
            "first_name": "Geo",
            "last_name": "Vest",
            "email": "capisquadra@geovest.it",
            "is_staff": true,
            "is_active": true,
            "date_joined": "2025-06-11T14:10:15Z",
            "groups": [],
            "user_permissions": []
        },
        {
            "id": 22,
            "password": "pbkdf2_sha256$720000$CVj89Mw2N520uTnVab8pKv$Np7838A3AuIS2eYpTz3p/VTm1mSKUuCdhGcmnMx1ag8=",
            "last_login": "2025-06-11T14:15:24.523949Z",
            "is_superuser": false,
            "username": "geovest_customer4",
            "first_name": "Geo",
            "last_name": "Vest",
            "email": "banchedati@geovest.it",
            "is_staff": true,
            "is_active": true,
            "date_joined": "2025-06-11T14:11:42Z",
            "groups": [],
            "user_permissions": []
        },
        {
            "id": 23,
            "password": "pbkdf2_sha256$720000$5Nmmdx9DlqIuqTH5z1zPVX$fYVrMpj541SrSYWSJLwuzeSaU7p9dqdnkn+rp4uv20k=",
            "last_login": "2025-07-14T08:15:18.883419Z",
            "is_superuser": false,
            "username": "ecomont_customer2",
            "first_name": "Eco",
            "last_name": "mont",
            "email": "ecocentri@ecomontsrl.it",
            "is_staff": true,
            "is_active": true,
            "date_joined": "2025-06-21T09:18:27Z",
            "groups": [],
            "user_permissions": []
        },
        {
            "id": 24,
            "password": "pbkdf2_sha256$720000$73WWRZnNTUMBnrgofs3jVs$3reXlzLspvBEFCt6PIGPKZF3NUWsLTGJ0qjk/JGtIto=",
            "last_login": null,
            "is_superuser": false,
            "username": "ecocentri_customer1",
            "first_name": "Eco",
            "last_name": "centri",
            "email": "ecocentri@ecomontsrl.it",
            "is_staff": true,
            "is_active": true,
            "date_joined": "2025-06-21T15:17:25Z",
            "groups": [],
            "user_permissions": []
        }
    ]
}