{
    "count": 104,
    "next": "http://127.0.0.1:8000/myapi/machines/?page=2",
    "previous": null,
    "results": [
        {
            "id": 1,
            "machine_Name": "1",
            "status": 1,
            "waste": "Plastica",
            "linux_Version": "00000",
            "start_Available": "0000-00-00",
            "end_Available": "0000-00-00",
            "street": "Via Sardegna BASSANO",
            "postal_Code": "00000",
            "province": "00000",
            "city": "00000",
            "country": "00000",
            "status_READY_D75_3_7": false,
            "status_Machine_Blocked": true,
            "kgnbrand": 1,
            "plcdata": 1,
            "plcio": 1,
            "plcstatus": 1
        },
        {
            "id": 10,
            "machine_Name": "10",
            "status": 1,
            "waste": "secco",
            "linux_Version": "00000",
            "start_Available": "0000-00-00",
            "end_Available": "0000-00-00",
            "street": "VIA NARDI RUBANO (PD)",
            "postal_Code": "00000",
            "province": "00000",
            "city": "00000",
            "country": "00000",
            "status_READY_D75_3_7": true,
            "status_Machine_Blocked": false,
            "kgnbrand": 1,
            "plcdata": 10,
            "plcio": 10,
            "plcstatus": 10
        },
        {
            "id": 100,
            "machine_Name": "100",
            "status": 0,
            "waste": "Indifferenziato",
            "linux_Version": "v0",
            "start_Available": "2025-05-14",
            "end_Available": "2025-05-14",
            "street": "via test",
            "postal_Code": "00000",
            "province": "test-province",
            "city": "test-city",
            "country": "Italy",
            "status_READY_D75_3_7": false,
            "status_Machine_Blocked": true,
            "kgnbrand": 1,
            "plcdata": 100,
            "plcio": 100,
            "plcstatus": 100
        },
        {
            "id": 101,
            "machine_Name": "101",
            "status": 0,
            "waste": "Indifferenziato",
            "linux_Version": "v0",
            "start_Available": "2025-05-14",
            "end_Available": "2025-05-14",
            "street": "via test",
            "postal_Code": "00000",
            "province": "test-province",
            "city": "test-city",
            "country": "Italy",
            "status_READY_D75_3_7": false,
            "status_Machine_Blocked": true,
            "kgnbrand": 1,
            "plcdata": 101,
            "plcio": 101,
            "plcstatus": 101
        },
        {
            "id": 102,
            "machine_Name": "102",
            "status": 0,
            "waste": "Indifferenziato",
            "linux_Version": "v0",
            "start_Available": "2025-05-14",
            "end_Available": "2025-05-14",
            "street": "via test",
            "postal_Code": "00000",
            "province": "test-province",
            "city": "test-city",
            "country": "Italy",
            "status_READY_D75_3_7": false,
            "status_Machine_Blocked": true,
            "kgnbrand": 1,
            "plcdata": 102,
            "plcio": 102,
            "plcstatus": 102
        },
        {
            "id": 103,
            "machine_Name": "103",
            "status": 0,
            "waste": "Indifferenziato",
            "linux_Version": "v0",
            "start_Available": "2025-05-14",
            "end_Available": "2025-05-14",
            "street": "via test",
            "postal_Code": "00000",
            "province": "test-province",
            "city": "test-city",
            "country": "Italy",
            "status_READY_D75_3_7": false,
            "status_Machine_Blocked": true,
            "kgnbrand": 1,
            "plcdata": 103,
            "plcio": 103,
            "plcstatus": 103
        },
        {
            "id": 104,
            "machine_Name": "104",
            "status": 0,
            "waste": "Indifferenziato",
            "linux_Version": "v0",
            "start_Available": "2025-05-14",
            "end_Available": "2025-05-14",
            "street": "via test",
            "postal_Code": "00000",
            "province": "test-province",
            "city": "test-city",
            "country": "Italy",
            "status_READY_D75_3_7": false,
            "status_Machine_Blocked": true,
            "kgnbrand": 1,
            "plcdata": 104,
            "plcio": 104,
            "plcstatus": 104
        },
        {
            "id": 11,
            "machine_Name": "11",
            "status": 1,
            "waste": "carta",
            "linux_Version": "v1",
            "start_Available": "2024-01-01",
            "end_Available": "2025-01-01",
            "street": "VIA NARDI RUBANO (PD)",
            "postal_Code": "12345",
            "province": "Province Name",
            "city": "CityName",
            "country": "CountryName",
            "status_READY_D75_3_7": true,
            "status_Machine_Blocked": false,
            "kgnbrand": 1,
            "plcdata": 11,
            "plcio": 11,
            "plcstatus": 11
        },
        {
            "id": 12,
            "machine_Name": "12",
            "status": 1,
            "waste": "plastica",
            "linux_Version": "00000",
            "start_Available": "0000-00-00",
            "end_Available": "0000-00-00",
            "street": "VIA NARDI RUBANO (PD)",
            "postal_Code": "00000",
            "province": "00000",
            "city": "00000",
            "country": "00000",
            "status_READY_D75_3_7": true,
            "status_Machine_Blocked": false,
            "kgnbrand": 1,
            "plcdata": 12,
            "plcio": 12,
            "plcstatus": 12
        },
        {
            "id": 13,
            "machine_Name": "13",
            "status": 1,
            "waste": "secco",
            "linux_Version": "00000",
            "start_Available": "0000-00-00",
            "end_Available": "0000-00-00",
            "street": "VIA GRONCHI RUBANO (PD)",
            "postal_Code": "00000",
            "province": "00000",
            "city": "00000",
            "country": "00000",
            "status_READY_D75_3_7": true,
            "status_Machine_Blocked": false,
            "kgnbrand": 1,
            "plcdata": 13,
            "plcio": 13,
            "plcstatus": 13
        },
        {
            "id": 14,
            "machine_Name": "14",
            "status": 1,
            "waste": "carta",
            "linux_Version": "00000",
            "start_Available": "0000-00-00",
            "end_Available": "0000-00-00",
            "street": "VIA GRONCHI RUBANO (PD)",
            "postal_Code": "00000",
            "province": "00000",
            "city": "00000",
            "country": "00000",
            "status_READY_D75_3_7": true,
            "status_Machine_Blocked": false,
            "kgnbrand": 1,
            "plcdata": 14,
            "plcio": 14,
            "plcstatus": 14
        },
        {
            "id": 15,
            "machine_Name": "15",
            "status": 1,
            "waste": "plastica",
            "linux_Version": "00000",
            "start_Available": "0000-00-00",
            "end_Available": "0000-00-00",
            "street": "VIA GRONCHI RUBANO (PD)",
            "postal_Code": "00000",
            "province": "00000",
            "city": "00000",
            "country": "00000",
            "status_READY_D75_3_7": true,
            "status_Machine_Blocked": false,
            "kgnbrand": 1,
            "plcdata": 15,
            "plcio": 15,
            "plcstatus": 15
        },
        {
            "id": 16,
            "machine_Name": "16",
            "status": 1,
            "waste": "carta",
            "linux_Version": "00000",
            "start_Available": "0000-00-00",
            "end_Available": "0000-00-00",
            "street": "VIALE BRENTA RUBANO (PD)",
            "postal_Code": "00000",
            "province": "00000",
            "city": "00000",
            "country": "00000",
            "status_READY_D75_3_7": true,
            "status_Machine_Blocked": false,
            "kgnbrand": 1,
            "plcdata": 16,
            "plcio": 16,
            "plcstatus": 16
        },
        {
            "id": 17,
            "machine_Name": "17",
            "status": 1,
            "waste": "secco",
            "linux_Version": "00000",
            "start_Available": "0000-00-00",
            "end_Available": "0000-00-00",
            "street": "VIALE BRENTA RUBANO (PD)",
            "postal_Code": "00000",
            "province": "00000",
            "city": "00000",
            "country": "00000",
            "status_READY_D75_3_7": true,
            "status_Machine_Blocked": false,
            "kgnbrand": 1,
            "plcdata": 17,
            "plcio": 17,
            "plcstatus": 17
        },
        {
            "id": 18,
            "machine_Name": "18",
            "status": 1,
            "waste": "plastica",
            "linux_Version": "00000",
            "start_Available": "0000-00-00",
            "end_Available": "0000-00-00",
            "street": "ST. S.VIGILIO VALLELAGHI (TN)",
            "postal_Code": "00000",
            "province": "00000",
            "city": "00000",
            "country": "00000",
            "status_READY_D75_3_7": true,
            "status_Machine_Blocked": false,
            "kgnbrand": 1,
            "plcdata": 18,
            "plcio": 18,
            "plcstatus": 18
        },
        {
            "id": 19,
            "machine_Name": "19",
            "status": 1,
            "waste": "secco",
            "linux_Version": "00000",
            "start_Available": "0000-00-00",
            "end_Available": "0000-00-00",
            "street": "PIAZZALE LAGGIO DI CADORE VIGO DI CADORE",
            "postal_Code": "00000",
            "province": "00000",
            "city": "00000",
            "country": "00000",
            "status_READY_D75_3_7": false,
            "status_Machine_Blocked": true,
            "kgnbrand": 1,
            "plcdata": 19,
            "plcio": 19,
            "plcstatus": 19
        },
        {
            "id": 2,
            "machine_Name": "2",
            "status": 1,
            "waste": "carta",
            "linux_Version": "00000",
            "start_Available": "0000-00-00",
            "end_Available": "0000-00-00",
            "street": "VIA SARDEGNA BASSANO DEL GRA",
            "postal_Code": "00000",
            "province": "00000",
            "city": "00000",
            "country": "00000",
            "status_READY_D75_3_7": true,
            "status_Machine_Blocked": false,
            "kgnbrand": 1,
            "plcdata": 2,
            "plcio": 2,
            "plcstatus": 2
        },
        {
            "id": 20,
            "machine_Name": "20",
            "status": 1,
            "waste": "secco",
            "linux_Version": "00000",
            "start_Available": "0000-00-00",
            "end_Available": "0000-00-00",
            "street": "VIA VALGRANDE PADOLA-COMELICO",
            "postal_Code": "00000",
            "province": "00000",
            "city": "00000",
            "country": "00000",
            "status_READY_D75_3_7": true,
            "status_Machine_Blocked": false,
            "kgnbrand": 1,
            "plcdata": 20,
            "plcio": 20,
            "plcstatus": 20
        },
        {
            "id": 21,
            "machine_Name": "21",
            "status": 1,
            "waste": "carta",
            "linux_Version": "00000",
            "start_Available": "0000-00-00",
            "end_Available": "0000-00-00",
            "street": "PIAZZALE LAGGIO DI CADORE VIGO DI CADORE",
            "postal_Code": "00000",
            "province": "00000",
            "city": "00000",
            "country": "00000",
            "status_READY_D75_3_7": true,
            "status_Machine_Blocked": false,
            "kgnbrand": 1,
            "plcdata": 21,
            "plcio": 21,
            "plcstatus": 21
        },
        {
            "id": 22,
            "machine_Name": "22",
            "status": 1,
            "waste": "Carta",
            "linux_Version": "00000",
            "start_Available": "0000-00-00",
            "end_Available": "0000-00-00",
            "street": "Via Valgrande Padola-Comelico",
            "postal_Code": "00000",
            "province": "00000",
            "city": "00000",
            "country": "00000",
            "status_READY_D75_3_7": true,
            "status_Machine_Blocked": false,
            "kgnbrand": 1,
            "plcdata": 22,
            "plcio": 22,
            "plcstatus": 22
        }
    ]
}