{
  "meta": {
    "total": 6470,
    "page": 3,
    "page_size": 10,
    "total_pages": 647,
    "has_next": true,
    "has_prev": true,
    "next_page": 4,
    "prev_page": 2
  },
  "data": [
    {
      "id": 13421,
      "machine_ip": "10.20.1.28",
      "customer_name": "ecomont",
      "name_alarm": "Emergenza NOK - ERRORE BLOCCANTE",
      "code_alarm": "F00",
      "date_and_time": "2025-08-05T10:39:25.415138Z"
    },
    {
      "id": 13420,
      "machine_ip": "10.20.1.47",
      "customer_name": "etra",
      "name_alarm": "pronto",
      "code_alarm": "S1",
      "date_and_time": "2025-08-05T10:30:31.811531Z"
    },
    {
      "id": 13419,
      "machine_ip": "10.20.1.47",
      "customer_name": "etra",
      "name_alarm": "Carico Ingombrante",
      "code_alarm": "F34",
      "date_and_time": "2025-08-05T10:27:44.374507Z"
    },
    {
      "id": 13418,
      "machine_ip": "10.20.1.58",
      "customer_name": "etra",
      "name_alarm": "pronto",
      "code_alarm": "S1",
      "date_and_time": "2025-08-05T10:03:18.709404Z"
    },
    {
      "id": 13417,
      "machine_ip": "10.20.2.13",
      "customer_name": "geovest",
      "name_alarm": "pronto",
      "code_alarm": "S1",
      "date_and_time": "2025-08-05T09:58:17.972612Z"
    },
    {
      "id": 13416,
      "machine_ip": "10.20.2.13",
      "customer_name": "geovest",
      "name_alarm": "Emergenza NOK - ERRORE BLOCCANTE",
      "code_alarm": "F00",
      "date_and_time": "2025-08-05T09:57:18.254961Z"
    },
    {
      "id": 13415,
      "machine_ip": "10.20.2.8",
      "customer_name": "geovest",
      "name_alarm": "pronto",
      "code_alarm": "S1",
      "date_and_time": "2025-08-05T09:55:55.016672Z"
    },
    {
      "id": 13414,
      "machine_ip": "10.20.2.13",
      "customer_name": "geovest",
      "name_alarm": "Porta Aperta",
      "code_alarm": "F07",
      "date_and_time": "2025-08-05T09:55:33.466069Z"
    },
    {
      "id": 13413,
      "machine_ip": "10.20.2.4",
      "customer_name": "geovest",
      "name_alarm": "pronto",
      "code_alarm": "S1",
      "date_and_time": "2025-08-05T09:53:11.866114Z"
    },
    {
      "id": 13412,
      "machine_ip": "10.20.2.8",
      "customer_name": "geovest",
      "name_alarm": "Porta Aperta",
      "code_alarm": "F07",
      "date_and_time": "2025-08-05T09:52:37.602690Z"
    }
  ]
}