[{"id":1,"machine_Name":"1","status":1,"waste":"Plastica","linux_Version":"00000","start_Available":"0000-00-00","end_Available":"0000-00-00","street":"Via Sardegna BASSANO","postal_Code":"00000","province":"00000","city":"00000","country":"00000","status_READY_D75_3_7":false,"status_Machine_Blocked":true,"kgnbrand":1,"plcdata":1,"plcio":1,"plcstatus":1},{"id":10,"machine_Name":"10","status":1,"waste":"secco","linux_Version":"00000","start_Available":"0000-00-00","end_Available":"0000-00-00","street":"VIA NARDI RUBANO (PD)","postal_Code":"00000","province":"00000","city":"00000","country":"00000","status_READY_D75_3_7":true,"status_Machine_Blocked":false,"kgnbrand":1,"plcdata":10,"plcio":10,"plcstatus":10},{"id":100,"machine_Name":"100","status":0,"waste":"Indifferenziato","linux_Version":"v0","start_Available":"2025-05-14","end_Available":"2025-05-14","street":"via test","postal_Code":"00000","province":"test-province","city":"test-city","country":"Italy","status_READY_D75_3_7":false,"status_Machine_Blocked":true,"kgnbrand":1,"plcdata":100,"plcio":100,"plcstatus":100},{"id":101,"machine_Name":"101","status":0,"waste":"Indifferenziato","linux_Version":"v0","start_Available":"2025-05-14","end_Available":"2025-05-14","street":"via test","postal_Code":"00000","province":"test-province","city":"test-city","country":"Italy","status_READY_D75_3_7":false,"status_Machine_Blocked":true,"kgnbrand":1,"plcdata":101,"plcio":101,"plcstatus":101},{"id":102,"machine_Name":"102","status":0,"waste":"Indifferenziato","linux_Version":"v0","start_Available":"2025-05-14","end_Available":"2025-05-14","street":"via test","postal_Code":"00000","province":"test-province","city":"test-city","country":"Italy","status_READY_D75_3_7":false,"status_Machine_Blocked":true,"kgnbrand":1,"plcdata":102,"plcio":102,"plcstatus":102},{"id":103,"machine_Name":"103","status":0,"waste":"Indifferenziato","linux_Version":"v0","start_Available":"2025-05-14","end_Available":"2025-05-14","street":"via test","postal_Code":"00000","province":"test-province","city":"test-city","country":"Italy","status_READY_D75_3_7":false,"status_Machine_Blocked":true,"kgnbrand":1,"plcdata":103,"plcio":103,"plcstatus":103},{"id":104,"machine_Name":"104","status":0,"waste":"Indifferenziato","linux_Version":"v0","start_Available":"2025-05-14","end_Available":"2025-05-14","street":"via test","postal_Code":"00000","province":"test-province","city":"test-city","country":"Italy","status_READY_D75_3_7":false,"status_Machine_Blocked":true,"kgnbrand":1,"plcdata":104,"plcio":104,"plcstatus":104},{"id":11,"machine_Name":"11","status":1,"waste":"carta","linux_Version":"v1","start_Available":"2024-01-01","end_Available":"2025-01-01","street":"VIA NARDI RUBANO (PD)","postal_Code":"12345","province":"Province Name","city":"CityName","country":"CountryName","status_READY_D75_3_7":true,"status_Machine_Blocked":false,"kgnbrand":1,"plcdata":11,"plcio":11,"plcstatus":11},{"id":12,"machine_Name":"12","status":1,"waste":"plastica","linux_Version":"00000","start_Available":"0000-00-00","end_Available":"0000-00-00","street":"VIA NARDI RUBANO (PD)","postal_Code":"00000","province":"00000","city":"00000","country":"00000","status_READY_D75_3_7":true,"status_Machine_Blocked":false,"kgnbrand":1,"plcdata":12,"plcio":12,"plcstatus":12},{"id":13,"machine_Name":"13","status":1,"waste":"secco","linux_Version":"00000","start_Available":"0000-00-00","end_Available":"0000-00-00","street":"VIA GRONCHI RUBANO (PD)","postal_Code":"00000","province":"00000","city":"00000","country":"00000","status_READY_D75_3_7":true,"status_Machine_Blocked":false,"kgnbrand":1,"plcdata":13,"plcio":13,"plcstatus":13},{"id":14,"machine_Name":"14","status":1,"waste":"carta","linux_Version":"00000","start_Available":"0000-00-00","end_Available":"0000-00-00","street":"VIA GRONCHI RUBANO (PD)","postal_Code":"00000","province":"00000","city":"00000","country":"00000","status_READY_D75_3_7":true,"status_Machine_Blocked":false,"kgnbrand":1,"plcdata":14,"plcio":14,"plcstatus":14},{"id":15,"machine_Name":"15","status":1,"waste":"plastica","linux_Version":"00000","start_Available":"0000-00-00","end_Available":"0000-00-00","street":"VIA GRONCHI RUBANO (PD)","postal_Code":"00000","province":"00000","city":"00000","country":"00000","status_READY_D75_3_7":true,"status_Machine_Blocked":false,"kgnbrand":1,"plcdata":15,"plcio":15,"plcstatus":15},{"id":16,"machine_Name":"16","status":1,"waste":"carta","linux_Version":"00000","start_Available":"0000-00-00","end_Available":"0000-00-00","street":"VIALE BRENTA RUBANO (PD)","postal_Code":"00000","province":"00000","city":"00000","country":"00000","status_READY_D75_3_7":true,"status_Machine_Blocked":false,"kgnbrand":1,"plcdata":16,"plcio":16,"plcstatus":16},{"id":17,"machine_Name":"17","status":1,"waste":"secco","linux_Version":"00000","start_Available":"0000-00-00","end_Available":"0000-00-00","street":"VIALE BRENTA RUBANO (PD)","postal_Code":"00000","province":"00000","city":"00000","country":"00000","status_READY_D75_3_7":true,"status_Machine_Blocked":false,"kgnbrand":1,"plcdata":17,"plcio":17,"plcstatus":17},{"id":18,"machine_Name":"18","status":1,"waste":"plastica","linux_Version":"00000","start_Available":"0000-00-00","end_Available":"0000-00-00","street":"ST. S.VIGILIO VALLELAGHI (TN)","postal_Code":"00000","province":"00000","city":"00000","country":"00000","status_READY_D75_3_7":true,"status_Machine_Blocked":false,"kgnbrand":1,"plcdata":18,"plcio":18,"plcstatus":18},{"id":19,"machine_Name":"19","status":1,"waste":"secco","linux_Version":"00000","start_Available":"0000-00-00","end_Available":"0000-00-00","street":"PIAZZALE LAGGIO DI CADORE VIGO DI CADORE","postal_Code":"00000","province":"00000","city":"00000","country":"00000","status_READY_D75_3_7":false,"status_Machine_Blocked":true,"kgnbrand":1,"plcdata":19,"plcio":19,"plcstatus":19},{"id":2,"machine_Name":"2","status":1,"waste":"carta","linux_Version":"00000","start_Available":"0000-00-00","end_Available":"0000-00-00","street":"VIA SARDEGNA BASSANO DEL GRA","postal_Code":"00000","province":"00000","city":"00000","country":"00000","status_READY_D75_3_7":true,"status_Machine_Blocked":false,"kgnbrand":1,"plcdata":2,"plcio":2,"plcstatus":2},{"id":20,"machine_Name":"20","status":1,"waste":"secco","linux_Version":"00000","start_Available":"0000-00-00","end_Available":"0000-00-00","street":"VIA VALGRANDE PADOLA-COMELICO","postal_Code":"00000","province":"00000","city":"00000","country":"00000","status_READY_D75_3_7":true,"status_Machine_Blocked":false,"kgnbrand":1,"plcdata":20,"plcio":20,"plcstatus":20},{"id":21,"machine_Name":"21","status":1,"waste":"carta","linux_Version":"00000","start_Available":"0000-00-00","end_Available":"0000-00-00","street":"PIAZZALE LAGGIO DI CADORE VIGO DI CADORE","postal_Code":"00000","province":"00000","city":"00000","country":"00000","status_READY_D75_3_7":true,"status_Machine_Blocked":false,"kgnbrand":1,"plcdata":21,"plcio":21,"plcstatus":21},{"id":22,"machine_Name":"22","status":1,"waste":"Carta","linux_Version":"00000","start_Available":"0000-00-00","end_Available":"0000-00-00","street":"Via Valgrande Padola-Comelico","postal_Code":"00000","province":"00000","city":"00000","country":"00000","status_READY_D75_3_7":true,"status_Machine_Blocked":false,"kgnbrand":1,"plcdata":22,"plcio":22,"plcstatus":22},{"id":23,"machine_Name":"23","status":1,"waste":"plastica","linux_Version":"00000","start_Available":"0000-00-00","end_Available":"0000-00-00","street":"VIA VENETO CITTADELLA (PD)","postal_Code":"00000","province":"00000","city":"00000","country":"00000","status_READY_D75_3_7":true,"status_Machine_Blocked":false,"kgnbrand":1,"plcdata":23,"plcio":23,"plcstatus":23},{"id":24,"machine_Name":"24","status":1,"waste":"secco","linux_Version":"00000","start_Available":"0000-00-00","end_Available":"0000-00-00","street":"VIA VENETO CITTADELLA (PD)","postal_Code":"00000","province":"00000","city":"00000","country":"00000","status_READY_D75_3_7":true,"status_Machine_Blocked":false,"kgnbrand":1,"plcdata":24,"plcio":24,"plcstatus":24},{"id":25,"machine_Name":"25","status":1,"waste":"plastica","linux_Version":"00000","start_Available":"0000-00-00","end_Available":"0000-00-00","street":"VIA LEOPARDI CADONEGHE (PD)","postal_Code":"00000","province":"00000","city":"00000","country":"00000","status_READY_D75_3_7":true,"status_Machine_Blocked":false,"kgnbrand":1,"plcdata":25,"plcio":25,"plcstatus":25},{"id":26,"machine_Name":"26","status":1,"waste":"carta","linux_Version":"00000","start_Available":"0000-00-00","end_Available":"0000-00-00","street":"VIA LEOPARDI CADONEGHE (PD)","postal_Code":"00000","province":"00000","city":"00000","country":"00000","status_READY_D75_3_7":true,"status_Machine_Blocked":false,"kgnbrand":1,"plcdata":26,"plcio":26,"plcstatus":26},{"id":27,"machine_Name":"27","status":1,"waste":"secco","linux_Version":"00000","start_Available":"0000-00-00","end_Available":"0000-00-00","street":"VIA LEOPARDI CADONEGHE (PD)","postal_Code":"00000","province":"00000","city":"00000","country":"00000","status_READY_D75_3_7":true,"status_Machine_Blocked":false,"kgnbrand":1,"plcdata":27,"plcio":27,"plcstatus":27},{"id":28,"machine_Name":"28","status":1,"waste":"vpl","linux_Version":"00000","start_Available":"2019-11-11","end_Available":"2019-11-11","street":"PIAZZALE LAGGIO DI CADORE VIGO DI CADORE","postal_Code":"00000","province":"00000","city":"00000","country":"00000","status_READY_D75_3_7":true,"status_Machine_Blocked":false,"kgnbrand":1,"plcdata":28,"plcio":28,"plcstatus":28},{"id":29,"machine_Name":"29","status":1,"waste":"carta","linux_Version":"00000","start_Available":"0000-00-00","end_Available":"0000-00-00","street":"VIA VENETO CITTADELLA (PD)","postal_Code":"00000","province":"00000","city":"00000","country":"00000","status_READY_D75_3_7":true,"status_Machine_Blocked":false,"kgnbrand":1,"plcdata":29,"plcio":29,"plcstatus":29},{"id":3,"machine_Name":"3","status":1,"waste":"carta","linux_Version":"00000","start_Available":"0000-00-00","end_Available":"0000-00-00","street":"VIA PUCCINI CAMPODARSEGO (P","postal_Code":"00000","province":"00000","city":"00000","country":"00000","status_READY_D75_3_7":true,"status_Machine_Blocked":false,"kgnbrand":1,"plcdata":3,"plcio":3,"plcstatus":3},{"id":30,"machine_Name":"30","status":1,"waste":"Vpl","linux_Version":"00000","start_Available":"0000-00-00","end_Available":"0000-00-00","street":"Vigo di Cadore Piazzale Laggio di Cadore","postal_Code":"00000","province":"00000","city":"00000","country":"00000","status_READY_D75_3_7":true,"status_Machine_Blocked":false,"kgnbrand":1,"plcdata":30,"plcio":30,"plcstatus":30},{"id":31,"machine_Name":"31","status":1,"waste":"secco","linux_Version":"00000","start_Available":"0000-00-00","end_Available":"0000-00-00","street":"VIA G.COGO BASSANO DEL GRA","postal_Code":"00000","province":"00000","city":"00000","country":"00000","status_READY_D75_3_7":true,"status_Machine_Blocked":false,"kgnbrand":1,"plcdata":31,"plcio":31,"plcstatus":31},{"id":32,"machine_Name":"32","status":1,"waste":"carta","linux_Version":"00000","start_Available":"2019-11-11","end_Available":"2019-11-11","street":"VIA G.COGO BASSANO DEL GRA","postal_Code":"00000","province":"00000","city":"00000","country":"00000","status_READY_D75_3_7":true,"status_Machine_Blocked":false,"kgnbrand":1,"plcdata":32,"plcio":32,"plcstatus":32},{"id":33,"machine_Name":"33","status":1,"waste":"plastica","linux_Version":"00000","start_Available":"0000-00-00","end_Available":"0000-00-00","street":"VIA G.COGO BASSANO DEL GRA","postal_Code":"00000","province":"00000","city":"00000","country":"00000","status_READY_D75_3_7":true,"status_Machine_Blocked":false,"kgnbrand":1,"plcdata":33,"plcio":33,"plcstatus":33},{"id":34,"machine_Name":"34","status":0,"waste":"secco","linux_Version":"v0","start_Available":"2025-02-26","end_Available":"2025-02-26","street":"VIA XXV APRILE BASSANO DEL GRA","postal_Code":"00000","province":"Bassano","city":"Bassano","country":"Italy","status_READY_D75_3_7":true,"status_Machine_Blocked":false,"kgnbrand":1,"plcdata":34,"plcio":34,"plcstatus":34},{"id":35,"machine_Name":"35","status":0,"waste":"carta","linux_Version":"v0","start_Available":"2025-02-26","end_Available":"2025-02-26","street":"VIA XXV APRILE BASSANO DEL GRA","postal_Code":"00000","province":"Bassano","city":"Bassano","country":"Italy","status_READY_D75_3_7":true,"status_Machine_Blocked":false,"kgnbrand":1,"plcdata":35,"plcio":35,"plcstatus":35},{"id":36,"machine_Name":"36","status":0,"waste":"plastica","linux_Version":"v0","start_Available":"2025-02-26","end_Available":"2025-02-26","street":"VIA XXV APRILE BASSANO DEL GRA","postal_Code":"00000","province":"Bassano","city":"Vicenza","country":"Italy","status_READY_D75_3_7":true,"status_Machine_Blocked":false,"kgnbrand":1,"plcdata":36,"plcio":36,"plcstatus":36},{"id":37,"machine_Name":"37","status":0,"waste":"Secco","linux_Version":"v0","start_Available":"2025-02-26","end_Available":"2025-02-26","street":"test street","postal_Code":"00000","province":"Bassano","city":"Bassano","country":"Italy","status_READY_D75_3_7":true,"status_Machine_Blocked":false,"kgnbrand":1,"plcdata":37,"plcio":37,"plcstatus":37},{"id":38,"machine_Name":"38","status":0,"waste":"-----","linux_Version":"v0","start_Available":"2025-02-26","end_Available":"2025-02-26","street":"---------","postal_Code":"00000","province":"-----","city":"-----","country":"-----","status_READY_D75_3_7":false,"status_Machine_Blocked":true,"kgnbrand":1,"plcdata":38,"plcio":38,"plcstatus":38},{"id":39,"machine_Name":"39","status":0,"waste":"Plastica","linux_Version":"v0","start_Available":"2025-02-26","end_Available":"2025-02-26","street":"via XXV aprile","postal_Code":"00000","province":"Bassano","city":"Bassano","country":"Italy","status_READY_D75_3_7":true,"status_Machine_Blocked":true,"kgnbrand":1,"plcdata":39,"plcio":39,"plcstatus":39},{"id":4,"machine_Name":"4","status":1,"waste":"carta","linux_Version":"00000","start_Available":"0000-00-00","end_Available":"0000-00-00","street":"ST. S.VIGILIO VALLELAGHI (TN)","postal_Code":"00000","province":"00000","city":"00000","country":"00000","status_READY_D75_3_7":true,"status_Machine_Blocked":false,"kgnbrand":1,"plcdata":4,"plcio":4,"plcstatus":4},{"id":40,"machine_Name":"40","status":0,"waste":"carta","linux_Version":"v0","start_Available":"2025-02-26","end_Available":"2025-02-26","street":"VIA 11 SETTEMBRE CALDERARA (BO)","postal_Code":"00000","province":"Bassano","city":"Pescara","country":"Italy","status_READY_D75_3_7":true,"status_Machine_Blocked":false,"kgnbrand":1,"plcdata":40,"plcio":40,"plcstatus":40},{"id":41,"machine_Name":"41","status":0,"waste":"carta","linux_Version":"v0","start_Available":"2025-02-26","end_Available":"2025-02-26","street":"VIA P.P. PASOLINI PESCARA (PE)","postal_Code":"00000","province":"test-province","city":"test-city","country":"Italy","status_READY_D75_3_7":true,"status_Machine_Blocked":false,"kgnbrand":1,"plcdata":41,"plcio":41,"plcstatus":41},{"id":42,"machine_Name":"42","status":0,"waste":"multimateriale","linux_Version":"v0","start_Available":"2025-02-26","end_Available":"2025-02-26","street":"VIA P.P. PASOLINI PESCARA (PE)","postal_Code":"00000","province":"test-province","city":"test-city","country":"Italy","status_READY_D75_3_7":true,"status_Machine_Blocked":false,"kgnbrand":1,"plcdata":42,"plcio":42,"plcstatus":42},{"id":43,"machine_Name":"43","status":0,"waste":"secco","linux_Version":"v0","start_Available":"2025-02-26","end_Available":"2025-02-26","street":"VIA KGN TEST KGN TEST","postal_Code":"00000","province":"test-province","city":"test-city","country":"Italy","status_READY_D75_3_7":true,"status_Machine_Blocked":false,"kgnbrand":1,"plcdata":43,"plcio":43,"plcstatus":43},{"id":44,"machine_Name":"44","status":0,"waste":"plastica","linux_Version":"v0","start_Available":"2025-02-26","end_Available":"2025-02-26","street":"VIA 11 SETTEMBRE CALDERARA (BO)","postal_Code":"00000","province":"Bassano","city":"Pescara","country":"Italy","status_READY_D75_3_7":true,"status_Machine_Blocked":false,"kgnbrand":1,"plcdata":44,"plcio":44,"plcstatus":44},{"id":45,"machine_Name":"45","status":0,"waste":"secco","linux_Version":"v0","start_Available":"2025-02-26","end_Available":"2025-02-26","street":"VIA P.P. PASOLINI PESCARA (PE)","postal_Code":"00000","province":"Bassano","city":"Pescara","country":"Italy","status_READY_D75_3_7":false,"status_Machine_Blocked":true,"kgnbrand":1,"plcdata":45,"plcio":45,"plcstatus":45},{"id":46,"machine_Name":"46","status":0,"waste":"Secco","linux_Version":"v0","start_Available":"2025-02-26","end_Available":"2025-02-26","street":"test street","postal_Code":"00000","province":"Bassano","city":"Pescara","country":"Italy","status_READY_D75_3_7":false,"status_Machine_Blocked":false,"kgnbrand":1,"plcdata":46,"plcio":46,"plcstatus":46},{"id":47,"machine_Name":"47","status":0,"waste":"carta","linux_Version":"v0","start_Available":"2025-02-26","end_Available":"2025-02-26","street":"VIA SAN MAURO MONTEGROTTO TER","postal_Code":"00000","province":"test-province","city":"test-city","country":"Italy","status_READY_D75_3_7":true,"status_Machine_Blocked":false,"kgnbrand":1,"plcdata":47,"plcio":47,"plcstatus":47},{"id":48,"machine_Name":"48","status":0,"waste":"plastica","linux_Version":"v0","start_Available":"2025-02-26","end_Available":"2025-02-26","street":"VIA IV NOVEMBRE SOLAGNA (VI)","postal_Code":"00000","province":"Bassano","city":"Pescara","country":"Italy","status_READY_D75_3_7":true,"status_Machine_Blocked":false,"kgnbrand":1,"plcdata":48,"plcio":48,"plcstatus":48},{"id":49,"machine_Name":"49","status":0,"waste":"secco","linux_Version":"v0","start_Available":"2025-02-26","end_Available":"2025-02-26","street":"VIA IV NOVEMBRE SOLAGNA (VI)","postal_Code":"00000","province":"Bassano","city":"Pescara","country":"Italy","status_READY_D75_3_7":true,"status_Machine_Blocked":false,"kgnbrand":1,"plcdata":49,"plcio":49,"plcstatus":49},{"id":5,"machine_Name":"5","status":1,"waste":"plastica","linux_Version":"00000","start_Available":"0000-00-00","end_Available":"0000-00-00","street":"VIA PUCCINI CAMPODARSEGO (P","postal_Code":"00000","province":"00000","city":"00000","country":"00000","status_READY_D75_3_7":true,"status_Machine_Blocked":false,"kgnbrand":1,"plcdata":5,"plcio":5,"plcstatus":5},{"id":50,"machine_Name":"50","status":0,"waste":"Carta","linux_Version":"v0","start_Available":"2025-02-26","end_Available":"2025-02-26","street":"via San Mauro Montegrotto","postal_Code":"00000","province":"PD","city":"Montegrotto","country":"Italy","status_READY_D75_3_7":true,"status_Machine_Blocked":true,"kgnbrand":1,"plcdata":50,"plcio":50,"plcstatus":50},{"id":51,"machine_Name":"51","status":0,"waste":"plastica","linux_Version":"v0","start_Available":"2025-02-26","end_Available":"2025-02-26","street":"VIA CADUTI DI VIA FANI CREVALCORE (BO)","postal_Code":"00000","province":"Bassano","city":"Solagna","country":"Italy","status_READY_D75_3_7":true,"status_Machine_Blocked":false,"kgnbrand":1,"plcdata":51,"plcio":51,"plcstatus":51},{"id":52,"machine_Name":"52","status":0,"waste":"indifferenziato","linux_Version":"v0","start_Available":"2025-02-26","end_Available":"2025-02-26","street":"VIA 11 SETTEMBRE CALDERARA (BO)","postal_Code":"00000","province":"Bassano","city":"Pescara","country":"Italy","status_READY_D75_3_7":true,"status_Machine_Blocked":false,"kgnbrand":1,"plcdata":52,"plcio":52,"plcstatus":52},{"id":53,"machine_Name":"53","status":0,"waste":"Carta","linux_Version":"v0","start_Available":"2025-02-26","end_Available":"2025-02-26","street":"VIA UGO LA MALFA CREVALCORE","postal_Code":"00000","province":"Test-Province","city":"test-city","country":"Italy","status_READY_D75_3_7":false,"status_Machine_Blocked":true,"kgnbrand":1,"plcdata":53,"plcio":53,"plcstatus":53},{"id":54,"machine_Name":"54","status":0,"waste":"carta","linux_Version":"v0","start_Available":"2025-02-26","end_Available":"2025-02-26","street":"VIA CADUTI DI VIA FANI CREVALCORE (BO)","postal_Code":"00000","province":"Test-Province","city":"test-city","country":"Italy","status_READY_D75_3_7":true,"status_Machine_Blocked":false,"kgnbrand":1,"plcdata":54,"plcio":54,"plcstatus":54},{"id":55,"machine_Name":"55","status":0,"waste":"Indifferenziato","linux_Version":"v0","start_Available":"2025-02-26","end_Available":"2025-02-26","street":"VIA 11 SETTEMBRE CALDERARA","postal_Code":"00000","province":"Test-Province","city":"test-city","country":"Italy","status_READY_D75_3_7":true,"status_Machine_Blocked":true,"kgnbrand":1,"plcdata":55,"plcio":55,"plcstatus":55},{"id":56,"machine_Name":"56","status":0,"waste":"Carta-05","linux_Version":"v0","start_Available":"2025-02-26","end_Available":"2025-02-26","street":"Via Street","postal_Code":"00000","province":"Test-Province","city":"test-city","country":"Italy","status_READY_D75_3_7":true,"status_Machine_Blocked":true,"kgnbrand":1,"plcdata":56,"plcio":56,"plcstatus":56},{"id":57,"machine_Name":"57","status":0,"waste":"Carta","linux_Version":"v0","start_Available":"2025-02-26","end_Available":"2025-02-26","street":"VIA CADUTI DI VIA FA CREVALCORE","postal_Code":"00000","province":"Test-Province","city":"test-city","country":"Italy","status_READY_D75_3_7":true,"status_Machine_Blocked":true,"kgnbrand":1,"plcdata":57,"plcio":57,"plcstatus":57},{"id":58,"machine_Name":"58","status":0,"waste":"Secco","linux_Version":"v0","start_Available":"2025-02-26","end_Available":"2025-02-26","street":"Via Street","postal_Code":"00000","province":"test-province","city":"test-city","country":"Italy","status_READY_D75_3_7":false,"status_Machine_Blocked":true,"kgnbrand":1,"plcdata":58,"plcio":58,"plcstatus":58},{"id":59,"machine_Name":"59","status":0,"waste":"Secco","linux_Version":"v0","start_Available":"2025-02-26","end_Available":"2025-02-26","street":"Via Street","postal_Code":"00000","province":"test-province","city":"test-city","country":"Italy","status_READY_D75_3_7":false,"status_Machine_Blocked":true,"kgnbrand":1,"plcdata":59,"plcio":59,"plcstatus":59},{"id":6,"machine_Name":"6","status":1,"waste":"Carta","linux_Version":"00000","start_Available":"2025-03-05","end_Available":"2025-03-05","street":"Via La Malfa Cadoneghe","postal_Code":"00000","province":"00000","city":"00000","country":"00000","status_READY_D75_3_7":false,"status_Machine_Blocked":true,"kgnbrand":1,"plcdata":6,"plcio":6,"plcstatus":6},{"id":60,"machine_Name":"60","status":0,"waste":"indifferenziato","linux_Version":"v0","start_Available":"2025-02-26","end_Available":"2025-02-26","street":"VIA CADUTI DI VIA FANI CREVALCORE (BO)","postal_Code":"00000","province":"test-province","city":"test-city","country":"Italy","status_READY_D75_3_7":true,"status_Machine_Blocked":false,"kgnbrand":1,"plcdata":60,"plcio":60,"plcstatus":60},{"id":61,"machine_Name":"61","status":0,"waste":"Carta","linux_Version":"v0","start_Available":"2025-02-26","end_Available":"2025-02-26","street":"Via Street","postal_Code":"00000","province":"test-province","city":"test-city","country":"Italy","status_READY_D75_3_7":false,"status_Machine_Blocked":true,"kgnbrand":1,"plcdata":61,"plcio":61,"plcstatus":61},{"id":62,"machine_Name":"62","status":0,"waste":"Carta","linux_Version":"v0","start_Available":"2025-02-26","end_Available":"2025-02-26","street":"Via Street","postal_Code":"00000","province":"test-province","city":"test-city","country":"Italy","status_READY_D75_3_7":false,"status_Machine_Blocked":true,"kgnbrand":1,"plcdata":62,"plcio":62,"plcstatus":62},{"id":63,"machine_Name":"63","status":0,"waste":"secco","linux_Version":"v0","start_Available":"2025-02-26","end_Available":"2025-02-26","street":"VIA TRIESTE RUBANO (PD)","postal_Code":"00000","province":"test-province","city":"test-city","country":"Italy","status_READY_D75_3_7":true,"status_Machine_Blocked":false,"kgnbrand":1,"plcdata":63,"plcio":63,"plcstatus":63},{"id":64,"machine_Name":"64","status":0,"waste":"carta","linux_Version":"v0","start_Available":"2025-02-26","end_Available":"2025-02-26","street":"VIA TRIESTE RUBANO (PD)","postal_Code":"00000","province":"test-province","city":"test-city","country":"Italy","status_READY_D75_3_7":true,"status_Machine_Blocked":false,"kgnbrand":1,"plcdata":64,"plcio":64,"plcstatus":64},{"id":65,"machine_Name":"65","status":0,"waste":"carta","linux_Version":"v0","start_Available":"2025-02-26","end_Available":"2025-02-26","street":"VIA TOSCANA RUBANO (PD)","postal_Code":"00000","province":"test-province","city":"test-city","country":"Italy","status_READY_D75_3_7":true,"status_Machine_Blocked":false,"kgnbrand":1,"plcdata":65,"plcio":65,"plcstatus":65},{"id":66,"machine_Name":"66","status":0,"waste":"secco","linux_Version":"v0","start_Available":"2025-02-26","end_Available":"2025-02-26","street":"VIA SAN MAURO MONTEGROTTO TER","postal_Code":"00000","province":"test-province","city":"test-city","country":"Italy","status_READY_D75_3_7":true,"status_Machine_Blocked":false,"kgnbrand":1,"plcdata":66,"plcio":66,"plcstatus":66},{"id":67,"machine_Name":"67","status":0,"waste":"secco","linux_Version":"v0","start_Available":"2025-02-26","end_Available":"2025-02-26","street":"VIA TOSCANA RUBANO (PD)","postal_Code":"00000","province":"test-province","city":"test-city","country":"Italy","status_READY_D75_3_7":true,"status_Machine_Blocked":false,"kgnbrand":1,"plcdata":67,"plcio":67,"plcstatus":67},{"id":68,"machine_Name":"68","status":0,"waste":"plastica","linux_Version":"v0","start_Available":"2025-02-26","end_Available":"2025-02-26","street":"VIA TOSCANA RUBANO (PD)","postal_Code":"00000","province":"test-province","city":"test-city","country":"Italy","status_READY_D75_3_7":true,"status_Machine_Blocked":false,"kgnbrand":1,"plcdata":68,"plcio":68,"plcstatus":68},{"id":69,"machine_Name":"69","status":0,"waste":"secco","linux_Version":"v0","start_Available":"2025-02-26","end_Available":"2025-02-26","street":"VIA DANTE RUBANO (PD)","postal_Code":"00000","province":"PD","city":"Montegrotto","country":"Italy","status_READY_D75_3_7":true,"status_Machine_Blocked":false,"kgnbrand":1,"plcdata":69,"plcio":69,"plcstatus":69},{"id":7,"machine_Name":"7","status":1,"waste":"carta","linux_Version":"00000","start_Available":"0000-00-00","end_Available":"0000-00-00","street":"VIA TICINO SUP RUBANO (PD)","postal_Code":"00000","province":"00000","city":"00000","country":"00000","status_READY_D75_3_7":true,"status_Machine_Blocked":false,"kgnbrand":1,"plcdata":7,"plcio":7,"plcstatus":7},{"id":70,"machine_Name":"70","status":0,"waste":"SECCO","linux_Version":"v0","start_Available":"2025-02-26","end_Available":"2025-02-26","street":"via Toscana Rubano","postal_Code":"00000","province":"test-province","city":"test-city","country":"Italy","status_READY_D75_3_7":true,"status_Machine_Blocked":false,"kgnbrand":1,"plcdata":70,"plcio":70,"plcstatus":70},{"id":71,"machine_Name":"71","status":0,"waste":"carta","linux_Version":"v0","start_Available":"2025-02-26","end_Available":"2025-02-26","street":"VIA UGO LA MALFA CREVALCORE (BO)","postal_Code":"00000","province":"test-province","city":"test-city","country":"Italy","status_READY_D75_3_7":true,"status_Machine_Blocked":false,"kgnbrand":1,"plcdata":71,"plcio":71,"plcstatus":71},{"id":72,"machine_Name":"72","status":0,"waste":"indifferenziato","linux_Version":"v0","start_Available":"2025-02-26","end_Available":"2025-02-26","street":"PIAZZALE PARCO NORD CREVALCORE (BO)","postal_Code":"00000","province":"test-province","city":"test-city","country":"Italy","status_READY_D75_3_7":true,"status_Machine_Blocked":false,"kgnbrand":1,"plcdata":72,"plcio":72,"plcstatus":72},{"id":73,"machine_Name":"73","status":0,"waste":"plastica","linux_Version":"v0","start_Available":"2025-02-26","end_Available":"2025-02-26","street":"PIAZZALE PARCO NORD CREVALCORE (BO)","postal_Code":"00000","province":"test-province","city":"test-city","country":"Italy","status_READY_D75_3_7":true,"status_Machine_Blocked":false,"kgnbrand":1,"plcdata":73,"plcio":73,"plcstatus":73},{"id":74,"machine_Name":"74","status":0,"waste":"Carta","linux_Version":"v0","start_Available":"2025-02-26","end_Available":"2025-02-26","street":"VIA UGO LA MALFA CREVALCORE","postal_Code":"00000","province":"test-province","city":"test-city","country":"Italy","status_READY_D75_3_7":true,"status_Machine_Blocked":true,"kgnbrand":1,"plcdata":74,"plcio":74,"plcstatus":74},{"id":75,"machine_Name":"75","status":0,"waste":"Indifferenziato","linux_Version":"v0","start_Available":"2025-02-26","end_Available":"2025-02-26","street":"PIAZZALE PARCO NORD CREVALCORE","postal_Code":"00000","province":"test-province","city":"test-city","country":"Italy","status_READY_D75_3_7":true,"status_Machine_Blocked":false,"kgnbrand":1,"plcdata":75,"plcio":75,"plcstatus":75},{"id":76,"machine_Name":"76","status":0,"waste":"Plastica","linux_Version":"v0","start_Available":"2025-02-26","end_Available":"2025-02-26","street":"PIAZZALE PARCO NORD CREVALCORE","postal_Code":"00000","province":"test-province","city":"test-city","country":"Italy","status_READY_D75_3_7":true,"status_Machine_Blocked":true,"kgnbrand":1,"plcdata":76,"plcio":76,"plcstatus":76},{"id":77,"machine_Name":"77","status":0,"waste":"Carta","linux_Version":"v0","start_Available":"2025-02-26","end_Available":"2025-02-26","street":"Via test","postal_Code":"00000","province":"test-province","city":"test-city","country":"Italy","status_READY_D75_3_7":false,"status_Machine_Blocked":true,"kgnbrand":1,"plcdata":77,"plcio":77,"plcstatus":77},{"id":78,"machine_Name":"78","status":0,"waste":"Plastica","linux_Version":"v0","start_Available":"2025-02-26","end_Available":"2025-02-26","street":"Via KGN KGN","postal_Code":"00000","province":"test-province","city":"test-city","country":"Italy","status_READY_D75_3_7":true,"status_Machine_Blocked":true,"kgnbrand":1,"plcdata":78,"plcio":78,"plcstatus":78},{"id":79,"machine_Name":"79","status":0,"waste":"Plastica","linux_Version":"v0","start_Available":"2025-02-26","end_Available":"2025-02-26","street":"Via test","postal_Code":"00000","province":"test-province","city":"test-city","country":"Italy","status_READY_D75_3_7":false,"status_Machine_Blocked":true,"kgnbrand":1,"plcdata":79,"plcio":79,"plcstatus":79},{"id":8,"machine_Name":"8","status":1,"waste":"Carta","linux_Version":"00000","start_Available":"0000-00-00","end_Available":"0000-00-00","street":"Via Leopardi","postal_Code":"00000","province":"00000","city":"00000","country":"00000","status_READY_D75_3_7":false,"status_Machine_Blocked":false,"kgnbrand":1,"plcdata":8,"plcio":8,"plcstatus":8},{"id":80,"machine_Name":"80","status":0,"waste":"Secco","linux_Version":"v0","start_Available":"2025-02-26","end_Available":"2025-02-26","street":"Via KGN ---","postal_Code":"00000","province":"test-province","city":"test-city","country":"Italy","status_READY_D75_3_7":false,"status_Machine_Blocked":true,"kgnbrand":1,"plcdata":80,"plcio":80,"plcstatus":80},{"id":81,"machine_Name":"81","status":0,"waste":"carta","linux_Version":"v0","start_Available":"2025-02-26","end_Available":"2025-02-26","street":"PIAZZALE PARCO NORD CREVALCORE (BO)","postal_Code":"00000","province":"test-province","city":"test-city","country":"Italy","status_READY_D75_3_7":true,"status_Machine_Blocked":false,"kgnbrand":1,"plcdata":81,"plcio":81,"plcstatus":81},{"id":82,"machine_Name":"82","status":0,"waste":"Plastica","linux_Version":"v0","start_Available":"2025-02-26","end_Available":"2025-02-26","street":"Via test","postal_Code":"00000","province":"test-province","city":"test-city","country":"Italy","status_READY_D75_3_7":false,"status_Machine_Blocked":true,"kgnbrand":1,"plcdata":82,"plcio":82,"plcstatus":82},{"id":83,"machine_Name":"83","status":0,"waste":"plastica","linux_Version":"v0","start_Available":"2025-02-26","end_Available":"2025-02-26","street":"VIA SAN MAURO MONTEGROTTO TER","postal_Code":"00000","province":"test-province","city":"test-city","country":"Italy","status_READY_D75_3_7":true,"status_Machine_Blocked":false,"kgnbrand":1,"plcdata":83,"plcio":83,"plcstatus":83},{"id":84,"machine_Name":"84","status":0,"waste":"secco","linux_Version":"v0","start_Available":"2025-02-26","end_Available":"2025-02-26","street":"VIA KGN TEST KGN TEST","postal_Code":"00000","province":"test-province","city":"test-city","country":"Italy","status_READY_D75_3_7":false,"status_Machine_Blocked":true,"kgnbrand":1,"plcdata":84,"plcio":84,"plcstatus":84},{"id":85,"machine_Name":"85","status":0,"waste":"plastica","linux_Version":"v0","start_Available":"2025-02-26","end_Available":"2025-02-26","street":"VIA UGO LA MALFA CREVALCORE (BO)","postal_Code":"00000","province":"test-province","city":"test-city","country":"Italy","status_READY_D75_3_7":true,"status_Machine_Blocked":false,"kgnbrand":1,"plcdata":85,"plcio":85,"plcstatus":85},{"id":86,"machine_Name":"86","status":0,"waste":"Plastica","linux_Version":"v0","start_Available":"2025-05-14","end_Available":"2025-05-14","street":"via San Mauro Montegrotto","postal_Code":"00000","province":"PD","city":"Montegrotto","country":"Italy","status_READY_D75_3_7":true,"status_Machine_Blocked":true,"kgnbrand":1,"plcdata":86,"plcio":86,"plcstatus":86},{"id":87,"machine_Name":"87","status":0,"waste":"RSU","linux_Version":"v0","start_Available":"2025-05-14","end_Available":"2025-05-14","street":"via test","postal_Code":"00000","province":"PD","city":"test-city","country":"Italy","status_READY_D75_3_7":false,"status_Machine_Blocked":true,"kgnbrand":1,"plcdata":87,"plcio":87,"plcstatus":87},{"id":88,"machine_Name":"88","status":0,"waste":"secco","linux_Version":"v0","start_Available":"2025-05-14","end_Available":"2025-05-14","street":"VIA BRIGATA SASSARI ASIAGO (VI)","postal_Code":"00000","province":"test-province","city":"test-city","country":"Italy","status_READY_D75_3_7":false,"status_Machine_Blocked":true,"kgnbrand":1,"plcdata":88,"plcio":88,"plcstatus":88},{"id":89,"machine_Name":"89","status":0,"waste":"plastica","linux_Version":"v0","start_Available":"2025-05-14","end_Available":"2025-05-14","street":"via test","postal_Code":"00000","province":"test-province","city":"test-city","country":"Italy","status_READY_D75_3_7":false,"status_Machine_Blocked":true,"kgnbrand":1,"plcdata":89,"plcio":89,"plcstatus":89},{"id":9,"machine_Name":"9","status":1,"waste":"secco","linux_Version":"00000","start_Available":"0000-00-00","end_Available":"0000-00-00","street":"VIA TICINO SUP RUBANO (PD)","postal_Code":"00000","province":"00000","city":"00000","country":"00000","status_READY_D75_3_7":true,"status_Machine_Blocked":false,"kgnbrand":1,"plcdata":9,"plcio":9,"plcstatus":9},{"id":90,"machine_Name":"90","status":0,"waste":"Indifferenziato","linux_Version":"v0","start_Available":"2025-05-14","end_Available":"2025-05-14","street":"via test","postal_Code":"00000","province":"test-province","city":"test-city","country":"Italy","status_READY_D75_3_7":false,"status_Machine_Blocked":true,"kgnbrand":1,"plcdata":90,"plcio":90,"plcstatus":90},{"id":91,"machine_Name":"91","status":0,"waste":"plastica","linux_Version":"v0","start_Available":"2025-05-14","end_Available":"2025-05-14","street":"via test","postal_Code":"00000","province":"test-province","city":"test-city","country":"Italy","status_READY_D75_3_7":false,"status_Machine_Blocked":true,"kgnbrand":1,"plcdata":91,"plcio":91,"plcstatus":91},{"id":92,"machine_Name":"92","status":0,"waste":"plastica","linux_Version":"v0","start_Available":"2025-05-14","end_Available":"2025-05-14","street":"via test","postal_Code":"00000","province":"test-province","city":"test-city","country":"Italy","status_READY_D75_3_7":false,"status_Machine_Blocked":true,"kgnbrand":1,"plcdata":92,"plcio":92,"plcstatus":92},{"id":93,"machine_Name":"93","status":0,"waste":"Plastica","linux_Version":"v0","start_Available":"2025-05-14","end_Available":"2025-05-14","street":"via test","postal_Code":"00000","province":"test-province","city":"test-city","country":"Italy","status_READY_D75_3_7":false,"status_Machine_Blocked":true,"kgnbrand":1,"plcdata":93,"plcio":93,"plcstatus":93},{"id":94,"machine_Name":"94","status":0,"waste":"plastica","linux_Version":"v0","start_Available":"2025-05-14","end_Available":"2025-05-14","street":"via test","postal_Code":"00000","province":"test-province","city":"test-city","country":"Italy","status_READY_D75_3_7":false,"status_Machine_Blocked":true,"kgnbrand":1,"plcdata":94,"plcio":94,"plcstatus":94},{"id":95,"machine_Name":"95","status":0,"waste":"Carta","linux_Version":"v0","start_Available":"2025-05-14","end_Available":"2025-05-14","street":"via test","postal_Code":"00000","province":"test-province","city":"test-city","country":"Italy","status_READY_D75_3_7":false,"status_Machine_Blocked":true,"kgnbrand":1,"plcdata":95,"plcio":95,"plcstatus":95},{"id":96,"machine_Name":"96","status":0,"waste":"Carta","linux_Version":"v0","start_Available":"2025-05-14","end_Available":"2025-05-14","street":"via test","postal_Code":"00000","province":"test-province","city":"test-city","country":"Italy","status_READY_D75_3_7":false,"status_Machine_Blocked":true,"kgnbrand":1,"plcdata":96,"plcio":96,"plcstatus":96},{"id":97,"machine_Name":"97","status":0,"waste":"Indifferenziato","linux_Version":"v0","start_Available":"2025-05-14","end_Available":"2025-05-14","street":"via test","postal_Code":"00000","province":"test-province","city":"test-city","country":"Italy","status_READY_D75_3_7":false,"status_Machine_Blocked":true,"kgnbrand":1,"plcdata":97,"plcio":97,"plcstatus":97},{"id":98,"machine_Name":"98","status":0,"waste":"Indifferenziato","linux_Version":"v0","start_Available":"2025-05-14","end_Available":"2025-05-14","street":"via test","postal_Code":"00000","province":"test-province","city":"test-city","country":"Italy","status_READY_D75_3_7":false,"status_Machine_Blocked":true,"kgnbrand":1,"plcdata":98,"plcio":98,"plcstatus":98},{"id":99,"machine_Name":"99","status":0,"waste":"Indifferenziato","linux_Version":"v0","start_Available":"2025-05-14","end_Available":"2025-05-14","street":"via test","postal_Code":"00000","province":"test-province","city":"test-city","country":"Italy","status_READY_D75_3_7":false,"status_Machine_Blocked":true,"kgnbrand":1,"plcdata":99,"plcio":99,"plcstatus":99}]