{
    "meta": {},
    "data": [
        {
            "id": 5,
            "type": "Electtrico, Banca Dati",
            "description": "Test",
            "category": "etra",
            "date_Time": "2025-07-25T13:14:09.031028Z",
            "machine": 1,
            "alarm": 1
        },
        {
            "id": 6,
            "type": "Hydraulico",
            "description": "Testing3 |Plastica| 00000|Via Sardegna BASSANO",
            "category": "etra",
            "date_Time": "2025-07-25T13:19:37.974772Z",
            "machine": 1,
            "alarm": 1
        },
        {
            "id": 7,
            "type": "Hydraulico, Electtrico",
            "description": "Testing |Plastica| 00000|Via Sardegna BASSANO",
            "category": "etra",
            "date_Time": "2025-07-25T13:20:31.461624Z",
            "machine": 1,
            "alarm": 1
        },
        {
            "id": 8,
            "type": "Meccanico",
            "description": "Test4 |Plastica| 00000|Via Sardegna BASSANO",
            "category": "etra",
            "date_Time": "2025-07-25T13:21:00.961982Z",
            "machine": 1,
            "alarm": 1
        },
        {
            "id": 9,
            "type": "Meccanico, Hydraulico",
            "description": "Test4 |Plastica| 00000|Via Sardegna BASSANO",
            "category": "etra",
            "date_Time": "2025-07-25T13:23:34.777618Z",
            "machine": 1,
            "alarm": 1
        },
        {
            "id": 10,
            "type": "Meccanico, Hydraulico",
            "description": "Test5 |Plastica| 00000|Via Sardegna BASSANO",
            "category": "etra",
            "date_Time": "2025-07-25T13:24:56.117777Z",
            "machine": 1,
            "alarm": 1
        },
        {
            "id": 11,
            "type": "Meccanico, Electtrico",
            "description": "Test6 |Plastica| 00000|Via Sardegna BASSANO",
            "category": "etra",
            "date_Time": "2025-07-25T13:25:22.815997Z",
            "machine": 1,
            "alarm": 1
        },
        {
            "id": 12,
            "type": "Electtrico, Banca Dati",
            "description": "Hi",
            "category": "etra",
            "date_Time": "2025-07-25T13:28:14.301168Z",
            "machine": 1,
            "alarm": 1
        },
        {
            "id": 13,
            "type": "Meccanico, Hydraulico",
            "description": "I am testing this",
            "category": "etra",
            "date_Time": "2025-07-25T13:45:26.918678Z",
            "machine": 1,
            "alarm": 1
        },
        {
            "id": 14,
            "type": "Meccanico, Hydraulico",
            "description": "This is Final test",
            "category": "etra",
            "date_Time": "2025-07-25T13:48:07.120353Z",
            "machine": 1,
            "alarm": 1
        },
        {
            "id": 15,
            "type": "Meccanico, Hydraulico|1",
            "description": "This is nother|close",
            "category": "etra",
            "date_Time": "2025-07-25T13:52:14.675984Z",
            "machine": 6,
            "alarm": 2
        },
        {
            "id": 16,
            "type": "Electtrico, Banca Dati|12",
            "description": "jskjdahskjfhaskjbfkjsabckjabskxcbxznbmnczbdabfeuwifbsac snacbjhaclose ticket",
            "category": "etra",
            "date_Time": "2025-07-25T15:45:21.091402Z",
            "machine": 1,
            "alarm": 2
        },
        {
            "id": 17,
            "type": "Electtrico, Banca Dati[1]",
            "description": "This is TestingThis is TestingThis is TestingThis is TestingThis is TestingThis is Testings",
            "category": "etra",
            "date_Time": "2025-07-28T14:57:12.992499Z",
            "machine": 1,
            "alarm": 2
        },
        {
            "id": 18,
            "type": "Hydraulico, Electtrico|1",
            "description": "|closed",
            "category": "geovest",
            "date_Time": "2025-07-29T08:20:56.728970Z",
            "machine": 38,
            "alarm": 2
        },
        {
            "id": 19,
            "type": "Meccanico, Iydraulico|1",
            "description": "hi|hi2",
            "category": "geovest",
            "date_Time": "2025-07-29T15:13:47.044381Z",
            "machine": 38,
            "alarm": 2
        },
        {
            "id": 20,
            "type": "Meccanico",
            "description": "Hi",
            "category": "kgn",
            "date_Time": "2025-08-05T08:03:04.797457Z",
            "machine": 53,
            "alarm": 1
        },
        {
            "id": 21,
            "type": "Meccanico",
            "description": "Hi",
            "category": "kgn",
            "date_Time": "2025-08-05T08:04:39.956228Z",
            "machine": 53,
            "alarm": 1
        },
        {
            "id": 22,
            "type": "Meccanico, Idraulico",
            "description": "Hi",
            "category": "kgn",
            "date_Time": "2025-08-05T08:05:09.577285Z",
            "machine": 53,
            "alarm": 1
        },
        {
            "id": 23,
            "type": "Meccanico, Idraulico",
            "description": "Hi",
            "category": "kgn",
            "date_Time": "2025-08-05T08:08:16.596976Z",
            "machine": 53,
            "alarm": 1
        },
        {
            "id": 24,
            "type": "Meccanico, Idraulico",
            "description": "Hi",
            "category": "kgn",
            "date_Time": "2025-08-05T08:08:24.550242Z",
            "machine": 53,
            "alarm": 1
        },
        {
            "id": 25,
            "type": "Meccanico",
            "description": "hi",
            "category": "geovest",
            "date_Time": "2025-08-05T08:08:42.284910Z",
            "machine": 100,
            "alarm": 1
        },
        {
            "id": 26,
            "type": "Meccanico, Idraulico",
            "description": "hi",
            "category": "etra",
            "date_Time": "2025-08-05T08:25:31.188277Z",
            "machine": 1,
            "alarm": 1
        },
        {
            "id": 27,
            "type": "Meccanico, Idraulico",
            "description": "hi",
            "category": "etra",
            "date_Time": "2025-08-05T08:30:29.850318Z",
            "machine": 1,
            "alarm": 1
        },
        {
            "id": 28,
            "type": "Meccanico, Idraulico, Elettrico",
            "description": "hi",
            "category": "etra",
            "date_Time": "2025-08-05T08:32:05.229464Z",
            "machine": 1,
            "alarm": 1
        },
        {
            "id": 29,
            "type": "Meccanico",
            "description": "hi",
            "category": "etra",
            "date_Time": "2025-08-05T08:33:17.108474Z",
            "machine": 1,
            "alarm": 1
        },
        {
            "id": 30,
            "type": "Meccanico, Idraulico",
            "description": "hi",
            "category": "etra",
            "date_Time": "2025-08-05T08:51:05.929024Z",
            "machine": 1,
            "alarm": 1
        },
        {
            "id": 31,
            "type": "Meccanico, Idraulico",
            "description": "hi",
            "category": "etra",
            "date_Time": "2025-08-05T08:51:42.503394Z",
            "machine": 1,
            "alarm": 1
        },
        {
            "id": 32,
            "type": "Meccanico, Idraulico",
            "description": "hi",
            "category": "etra",
            "date_Time": "2025-08-05T08:52:07.510687Z",
            "machine": 1,
            "alarm": 1
        },
        {
            "id": 33,
            "type": "Meccanico, Idraulico",
            "description": "hi",
            "category": "etra",
            "date_Time": "2025-08-05T08:52:29.037488Z",
            "machine": 1,
            "alarm": 1
        },
        {
            "id": 34,
            "type": "Meccanico, Idraulico",
            "description": "hi",
            "category": "etra",
            "date_Time": "2025-08-05T08:54:05.428049Z",
            "machine": 1,
            "alarm": 1
        },
        {
            "id": 35,
            "type": "Meccanico, Idraulico",
            "description": "hi",
            "category": "etra",
            "date_Time": "2025-08-05T08:56:36.708518Z",
            "machine": 1,
            "alarm": 1
        },
        {
            "id": 36,
            "type": "Meccanico, Idraulico",
            "description": "hi",
            "category": "etra",
            "date_Time": "2025-08-05T08:58:37.588902Z",
            "machine": 1,
            "alarm": 1
        },
        {
            "id": 37,
            "type": "Meccanico, Idraulico",
            "description": "hi",
            "category": "etra",
            "date_Time": "2025-08-05T09:00:08.459674Z",
            "machine": 1,
            "alarm": 1
        },
        {
            "id": 38,
            "type": "Meccanico, Idraulico",
            "description": "hi",
            "category": "etra",
            "date_Time": "2025-08-05T09:01:00.566078Z",
            "machine": 1,
            "alarm": 1
        },
        {
            "id": 39,
            "type": "Meccanico, Idraulico",
            "description": "hi",
            "category": "etra",
            "date_Time": "2025-08-05T09:06:14.309575Z",
            "machine": 1,
            "alarm": 1
        },
        {
            "id": 40,
            "type": "Meccanico, Idraulico",
            "description": "hi",
            "category": "etra",
            "date_Time": "2025-08-05T09:07:56.376880Z",
            "machine": 1,
            "alarm": 1
        },
        {
            "id": 41,
            "type": "Meccanico",
            "description": "sembra avere problemi",
            "category": "etra",
            "date_Time": "2025-08-11T06:32:48.330010Z",
            "machine": 31,
            "alarm": 1
        },
        {
            "id": 42,
            "type": "Banca Dati",
            "description": "banca dati",
            "category": "etra",
            "date_Time": "2025-08-11T06:40:08.059263Z",
            "machine": 31,
            "alarm": 1
        }
    ]
}