{
    "meta": {
        "total": 104,
        "page": 4,
        "page_size": 10,
        "total_pages": 11,
        "has_next": true,
        "has_prev": true,
        "next_page": 5,
        "prev_page": 3
    },
    "data": [
        {
            "id": 32,
            "machine_Name": "32",
            "status": 1,
            "waste": "carta",
            "linux_Version": "00000",
            "start_Available": "2019-11-11",
            "end_Available": "2019-11-11",
            "street": "VIA G.COGO BASSANO DEL GRA",
            "postal_Code": "00000",
            "province": "00000",
            "city": "00000",
            "country": "00000",
            "status_READY_D75_3_7": true,
            "status_Machine_Blocked": false,
            "codice_GPS": "14204",
            "sheet_Name": "Sheet",
            "customer_Name": "etra",
            "matricola_Bte": "00000",
            "matricola_Kgn": "240609",
            "ip_Router": "10.20.1.62",
            "note": "-----",
            "gps_x": "45.777345",
            "gps_y": "11.749509",
            "municipility": "BASSANO DEL GRA",
            "customer": "etra",
            "address": "VIA G.COGO"
        },
        {
            "id": 33,
            "machine_Name": "33",
            "status": 1,
            "waste": "plastica",
            "linux_Version": "00000",
            "start_Available": "0000-00-00",
            "end_Available": "0000-00-00",
            "street": "VIA G.COGO BASSANO DEL GRA",
            "postal_Code": "00000",
            "province": "00000",
            "city": "00000",
            "country": "00000",
            "status_READY_D75_3_7": true,
            "status_Machine_Blocked": false,
            "codice_GPS": "14504",
            "sheet_Name": "Sheet",
            "customer_Name": "etra",
            "matricola_Bte": "00000",
            "matricola_Kgn": "240603",
            "ip_Router": "10.20.1.63",
            "note": "-----",
            "gps_x": "45.777345",
            "gps_y": "11.749509",
            "municipility": "BASSANO DEL GRA",
            "customer": "etra",
            "address": "VIA G.COGO"
        },
        {
            "id": 34,
            "machine_Name": "34",
            "status": 0,
            "waste": "secco",
            "linux_Version": "v0",
            "start_Available": "2025-02-26",
            "end_Available": "2025-02-26",
            "street": "VIA XXV APRILE BASSANO DEL GRA",
            "postal_Code": "00000",
            "province": "Bassano",
            "city": "Bassano",
            "country": "Italy",
            "status_READY_D75_3_7": true,
            "status_Machine_Blocked": false,
            "codice_GPS": "14305",
            "sheet_Name": "Sheet",
            "customer_Name": "etra",
            "matricola_Bte": "00000",
            "matricola_Kgn": "240601",
            "ip_Router": "10.20.1.64",
            "note": "-----",
            "gps_x": "45.768605",
            "gps_y": "11.712311",
            "municipility": "BASSANO DEL GRA",
            "customer": "etra",
            "address": "VIA XXV APRILE"
        },
        {
            "id": 35,
            "machine_Name": "35",
            "status": 0,
            "waste": "carta",
            "linux_Version": "v0",
            "start_Available": "2025-02-26",
            "end_Available": "2025-02-26",
            "street": "VIA XXV APRILE BASSANO DEL GRA",
            "postal_Code": "00000",
            "province": "Bassano",
            "city": "Bassano",
            "country": "Italy",
            "status_READY_D75_3_7": true,
            "status_Machine_Blocked": false,
            "codice_GPS": "14205",
            "sheet_Name": "Sheet",
            "customer_Name": "etra",
            "matricola_Bte": "00000",
            "matricola_Kgn": "240608",
            "ip_Router": "10.20.1.65",
            "note": "-----",
            "gps_x": "45.768605",
            "gps_y": "11.712311",
            "municipility": "BASSANO DEL GRA",
            "customer": "etra",
            "address": "VIA XXV APRILE"
        },
        {
            "id": 36,
            "machine_Name": "36",
            "status": 0,
            "waste": "plastica",
            "linux_Version": "v0",
            "start_Available": "2025-02-26",
            "end_Available": "2025-02-26",
            "street": "VIA XXV APRILE BASSANO DEL GRA",
            "postal_Code": "00000",
            "province": "Bassano",
            "city": "Vicenza",
            "country": "Italy",
            "status_READY_D75_3_7": true,
            "status_Machine_Blocked": false,
            "codice_GPS": "14505",
            "sheet_Name": "Sheet",
            "customer_Name": "etra",
            "matricola_Bte": "00000",
            "matricola_Kgn": "00000",
            "ip_Router": "10.20.1.66",
            "note": "-----",
            "gps_x": "45.768605",
            "gps_y": "11.712311",
            "municipility": "BASSANO DEL GRA",
            "customer": "etra",
            "address": "VIA XXV APRILE"
        },
        {
            "id": 37,
            "machine_Name": "37",
            "status": 0,
            "waste": "Secco",
            "linux_Version": "v0",
            "start_Available": "2025-02-26",
            "end_Available": "2025-02-26",
            "street": "test street",
            "postal_Code": "00000",
            "province": "Bassano",
            "city": "Bassano",
            "country": "Italy",
            "status_READY_D75_3_7": true,
            "status_Machine_Blocked": false,
            "codice_GPS": "99516",
            "sheet_Name": "Sheet",
            "customer_Name": "ambiente",
            "matricola_Bte": "25P0025",
            "matricola_Kgn": "250308",
            "ip_Router": "10.20.2.1",
            "note": "---",
            "gps_x": "45.653763",
            "gps_y": "11.563415",
            "municipility": "KGN TEST",
            "customer": "kgn",
            "address": "VIA KGN TEST"
        },
        {
            "id": 38,
            "machine_Name": "38",
            "status": 0,
            "waste": "-----",
            "linux_Version": "v0",
            "start_Available": "2025-02-26",
            "end_Available": "2025-02-26",
            "street": "---------",
            "postal_Code": "00000",
            "province": "-----",
            "city": "-----",
            "country": "-----",
            "status_READY_D75_3_7": false,
            "status_Machine_Blocked": true,
            "codice_GPS": "0000",
            "sheet_Name": "Sheet",
            "customer_Name": "geovest",
            "matricola_Bte": "24P0660",
            "matricola_Kgn": "250301",
            "ip_Router": "10.20.2.2",
            "note": "---",
            "gps_x": "",
            "gps_y": "",
            "municipility": "",
            "customer": "",
            "address": ""
        },
        {
            "id": 39,
            "machine_Name": "39",
            "status": 0,
            "waste": "Plastica",
            "linux_Version": "v0",
            "start_Available": "2025-02-26",
            "end_Available": "2025-02-26",
            "street": "via XXV aprile",
            "postal_Code": "00000",
            "province": "Bassano",
            "city": "Bassano",
            "country": "Italy",
            "status_READY_D75_3_7": true,
            "status_Machine_Blocked": true,
            "codice_GPS": "90510",
            "sheet_Name": "Sheet",
            "customer_Name": "geovest",
            "matricola_Bte": "24P0659",
            "matricola_Kgn": "250302",
            "ip_Router": "10.20.2.3",
            "note": "---",
            "gps_x": "44.769653",
            "gps_y": "11.254831",
            "municipility": "CREVALCORE (BO)",
            "customer": "geovest",
            "address": "VIA UGO LA MALFA"
        },
        {
            "id": 4,
            "machine_Name": "4",
            "status": 1,
            "waste": "carta",
            "linux_Version": "00000",
            "start_Available": "0000-00-00",
            "end_Available": "0000-00-00",
            "street": "ST. S.VIGILIO VALLELAGHI (TN)",
            "postal_Code": "00000",
            "province": "00000",
            "city": "00000",
            "country": "00000",
            "status_READY_D75_3_7": true,
            "status_Machine_Blocked": false,
            "codice_GPS": "88203",
            "sheet_Name": "00000",
            "customer_Name": "asia",
            "matricola_Bte": "00000",
            "matricola_Kgn": "240721",
            "ip_Router": "10.20.1.12",
            "note": "00000",
            "gps_x": "46.064386",
            "gps_y": "10.940783",
            "municipility": "VALLELAGHI (TN)",
            "customer": "asia",
            "address": "ST. S.VIGILIO"
        },
        {
            "id": 40,
            "machine_Name": "40",
            "status": 0,
            "waste": "carta",
            "linux_Version": "v0",
            "start_Available": "2025-02-26",
            "end_Available": "2025-02-26",
            "street": "VIA 11 SETTEMBRE CALDERARA (BO)",
            "postal_Code": "00000",
            "province": "Bassano",
            "city": "Pescara",
            "country": "Italy",
            "status_READY_D75_3_7": true,
            "status_Machine_Blocked": false,
            "codice_GPS": "90205",
            "sheet_Name": "Sheet",
            "customer_Name": "geovest",
            "matricola_Bte": "24P0653",
            "matricola_Kgn": "250304",
            "ip_Router": "10.20.2.4",
            "note": "---",
            "gps_x": "44.560245",
            "gps_y": "11.26666",
            "municipility": "CALDERARA (BO)",
            "customer": "geovest",
            "address": "VIA 11 SETTEMBRE"
        }
    ]
}