{
    "count": 5469,
    "next": "http://127.0.0.1:8000/myapi/logs/?page=5",
    "previous": "http://127.0.0.1:8000/myapi/logs/?page=3",
    "results": [
        {
            "id": 12380,
            "machine_ip": "10.20.1.54",
            "customer_name": "etra",
            "name_alarm": "Superati Tentativi in chiusura - ERRORE BLOCCANTE",
            "code_alarm": "F55",
            "date_and_time": "2025-07-21T09:17:07.072522Z"
        },
        {
            "id": 12379,
            "machine_ip": "10.20.1.54",
            "customer_name": "etra",
            "name_alarm": "Bordo Sensibile Intervenuto",
            "code_alarm": "F45",
            "date_and_time": "2025-07-21T09:16:50.311476Z"
        },
        {
            "id": 12378,
            "machine_ip": "10.20.1.57",
            "customer_name": "etra",
            "name_alarm": "Superati Tentativi in chiusura - ERRORE BLOCCANTE",
            "code_alarm": "F55",
            "date_and_time": "2025-07-21T09:16:36.549724Z"
        },
        {
            "id": 12377,
            "machine_ip": "10.20.1.35",
            "customer_name": "etra",
            "name_alarm": "Container quasi Pieno",
            "code_alarm": "F16",
            "date_and_time": "2025-07-21T08:49:36.641401Z"
        },
        {
            "id": 12376,
            "machine_ip": "10.20.1.42",
            "customer_name": "etra",
            "name_alarm": "pronto",
            "code_alarm": "S1",
            "date_and_time": "2025-07-21T08:29:56.210514Z"
        },
        {
            "id": 12375,
            "machine_ip": "10.20.1.35",
            "customer_name": "etra",
            "name_alarm": "pronto",
            "code_alarm": "S1",
            "date_and_time": "2025-07-21T08:29:43.652517Z"
        },
        {
            "id": 12374,
            "machine_ip": "10.20.1.36",
            "customer_name": "etra",
            "name_alarm": "pronto",
            "code_alarm": "S1",
            "date_and_time": "2025-07-21T08:29:37.184310Z"
        },
        {
            "id": 12373,
            "machine_ip": "10.20.1.36",
            "customer_name": "etra",
            "name_alarm": "Bordo Sensibile Intervenutos",
            "code_alarm": "F45",
            "date_and_time": "2025-07-21T08:28:41.563575Z"
        },
        {
            "id": 12372,
            "machine_ip": "10.20.1.35",
            "customer_name": "etra",
            "name_alarm": "Superati Tentativi in chiusura - ERRORE BLOCCANTE",
            "code_alarm": "F55",
            "date_and_time": "2025-07-21T08:28:16.328724Z"
        },
        {
            "id": 12371,
            "machine_ip": "10.20.1.35",
            "customer_name": "etra",
            "name_alarm": "Bordo Sensibile Intervenutos",
            "code_alarm": "F45",
            "date_and_time": "2025-07-21T08:28:02.103708Z"
        },
        {
            "id": 12370,
            "machine_ip": "10.20.1.42",
            "customer_name": "etra",
            "name_alarm": "Superati Tentativi in chiusura - ERRORE BLOCCANTE",
            "code_alarm": "F55",
            "date_and_time": "2025-07-21T08:27:25.827023Z"
        },
        {
            "id": 12369,
            "machine_ip": "10.20.1.42",
            "customer_name": "etra",
            "name_alarm": "Bordo Sensibile Intervenutos",
            "code_alarm": "F45",
            "date_and_time": "2025-07-21T08:27:11.416776Z"
        },
        {
            "id": 12368,
            "machine_ip": "10.20.1.31",
            "customer_name": "etra",
            "name_alarm": "pronto",
            "code_alarm": "S1",
            "date_and_time": "2025-07-21T08:08:36.618031Z"
        },
        {
            "id": 12367,
            "machine_ip": "10.20.1.32",
            "customer_name": "etra",
            "name_alarm": "Superati Tentativi in chiusura - ERRORE BLOCCANTE",
            "code_alarm": "F55",
            "date_and_time": "2025-07-21T08:06:33.954645Z"
        },
        {
            "id": 12366,
            "machine_ip": "10.20.1.35",
            "customer_name": "etra",
            "name_alarm": "Container quasi Pieno",
            "code_alarm": "F16",
            "date_and_time": "2025-07-21T08:06:31.962539Z"
        },
        {
            "id": 12365,
            "machine_ip": "10.20.1.32",
            "customer_name": "etra",
            "name_alarm": "Bordo Sensibile Intervenuto",
            "code_alarm": "F45",
            "date_and_time": "2025-07-21T08:06:19.568152Z"
        },
        {
            "id": 12364,
            "machine_ip": "10.20.1.31",
            "customer_name": "etra",
            "name_alarm": "Superati Tentativi in chiusura - ERRORE BLOCCANTE",
            "code_alarm": "F55",
            "date_and_time": "2025-07-21T08:06:16.459659Z"
        },
        {
            "id": 12363,
            "machine_ip": "10.20.1.31",
            "customer_name": "etra",
            "name_alarm": "Bordo Sensibile Intervenuto",
            "code_alarm": "F45",
            "date_and_time": "2025-07-21T08:06:01.535735Z"
        },
        {
            "id": 12362,
            "machine_ip": "10.20.1.35",
            "customer_name": "etra",
            "name_alarm": "Container Pieno",
            "code_alarm": "F17",
            "date_and_time": "2025-07-21T07:44:57.815564Z"
        },
        {
            "id": 12361,
            "machine_ip": "10.20.1.35",
            "customer_name": "etra",
            "name_alarm": "Container quasi Pieno",
            "code_alarm": "F16",
            "date_and_time": "2025-07-21T07:44:55.936426Z"
        }
    ]
}