{
    "count": 100,
    "next": "http://127.0.0.1:8000/myapi/joined-machines-gps/?page=3",
    "previous": "http://127.0.0.1:8000/myapi/joined-machines-gps/",
    "results": [
        {
            "id": 27,
            "machine_Name": "27",
            "status": 1,
            "waste": "secco",
            "linux_Version": "00000",
            "start_Available": "0000-00-00",
            "end_Available": "0000-00-00",
            "street": "VIA LEOPARDI CADONEGHE (PD)",
            "postal_Code": "00000",
            "province": "00000",
            "city": "00000",
            "country": "00000",
            "status_READY_D75_3_7": true,
            "status_Machine_Blocked": false,
            "codice_GPS": "2321",
            "sheet_Name": "00000",
            "customer_Name": "etra",
            "matricola_Bte": "00000",
            "matricola_Kgn": "240607",
            "ip_Router": "10.20.1.43",
            "note": "00000",
            "gps_x": "45.451443",
            "gps_y": "11.908563",
            "municipility": "CADONEGHE (PD)",
            "customer": "etra",
            "address": "VIA LEOPARDI"
        },
        {
            "id": 28,
            "machine_Name": "28",
            "status": 1,
            "waste": "vpl",
            "linux_Version": "00000",
            "start_Available": "2019-11-11",
            "end_Available": "2019-11-11",
            "street": "PIAZZALE LAGGIO DI CADORE VIGO DI CADORE",
            "postal_Code": "00000",
            "province": "00000",
            "city": "00000",
            "country": "00000",
            "status_READY_D75_3_7": true,
            "status_Machine_Blocked": false,
            "codice_GPS": "66607",
            "sheet_Name": "00000",
            "customer_Name": "ecomont",
            "matricola_Bte": "00000",
            "matricola_Kgn": "00000",
            "ip_Router": "10.20.1.26",
            "note": "00000",
            "gps_x": "46.496896",
            "gps_y": "12.478463",
            "municipility": "VIGO DI CADORE ",
            "customer": "ecomont",
            "address": "PIAZZALE LAGGIO DI CADORE"
        },
        {
            "id": 29,
            "machine_Name": "29",
            "status": 1,
            "waste": "carta",
            "linux_Version": "00000",
            "start_Available": "0000-00-00",
            "end_Available": "0000-00-00",
            "street": "VIA VENETO CITTADELLA (PD)",
            "postal_Code": "00000",
            "province": "00000",
            "city": "00000",
            "country": "00000",
            "status_READY_D75_3_7": true,
            "status_Machine_Blocked": false,
            "codice_GPS": "28201",
            "sheet_Name": "00000",
            "customer_Name": "etra",
            "matricola_Bte": "00000",
            "matricola_Kgn": "00000",
            "ip_Router": "10.20.1.47",
            "note": "00000",
            "gps_x": "45.640327",
            "gps_y": "11.802015",
            "municipility": "CITTADELLA (PD)",
            "customer": "etra",
            "address": "VIA VENETO"
        },
        {
            "id": 3,
            "machine_Name": "3",
            "status": 1,
            "waste": "carta",
            "linux_Version": "00000",
            "start_Available": "0000-00-00",
            "end_Available": "0000-00-00",
            "street": "VIA PUCCINI CAMPODARSEGO (P",
            "postal_Code": "00000",
            "province": "00000",
            "city": "00000",
            "country": "00000",
            "status_READY_D75_3_7": true,
            "status_Machine_Blocked": false,
            "codice_GPS": "23203",
            "sheet_Name": "00000",
            "customer_Name": "etra",
            "matricola_Bte": "00000",
            "matricola_Kgn": "240206",
            "ip_Router": "10.20.1.25",
            "note": "00000",
            "gps_x": "45.506128",
            "gps_y": "11.909253",
            "municipility": "CAMPODARSEGO (P",
            "customer": "etra",
            "address": "VIA PUCCINI"
        },
        {
            "id": 30,
            "machine_Name": "30",
            "status": 1,
            "waste": "Vpl",
            "linux_Version": "00000",
            "start_Available": "0000-00-00",
            "end_Available": "0000-00-00",
            "street": "Vigo di Cadore Piazzale Laggio di Cadore",
            "postal_Code": "00000",
            "province": "00000",
            "city": "00000",
            "country": "00000",
            "status_READY_D75_3_7": true,
            "status_Machine_Blocked": false,
            "codice_GPS": "---",
            "sheet_Name": "Sheet",
            "customer_Name": "kgn",
            "matricola_Bte": "00000",
            "matricola_Kgn": "00000",
            "ip_Router": "10.20.1.48",
            "note": "-----",
            "gps_x": "",
            "gps_y": "",
            "municipility": "",
            "customer": "",
            "address": ""
        },
        {
            "id": 31,
            "machine_Name": "31",
            "status": 1,
            "waste": "secco",
            "linux_Version": "00000",
            "start_Available": "0000-00-00",
            "end_Available": "0000-00-00",
            "street": "VIA G.COGO BASSANO DEL GRA",
            "postal_Code": "00000",
            "province": "00000",
            "city": "00000",
            "country": "00000",
            "status_READY_D75_3_7": true,
            "status_Machine_Blocked": false,
            "codice_GPS": "14304",
            "sheet_Name": "Sheet",
            "customer_Name": "etra",
            "matricola_Bte": "00000",
            "matricola_Kgn": "240606",
            "ip_Router": "10.20.1.61",
            "note": "-----",
            "gps_x": "45.777345",
            "gps_y": "11.749509",
            "municipility": "BASSANO DEL GRA",
            "customer": "etra",
            "address": "VIA G.COGO"
        },
        {
            "id": 32,
            "machine_Name": "32",
            "status": 1,
            "waste": "carta",
            "linux_Version": "00000",
            "start_Available": "2019-11-11",
            "end_Available": "2019-11-11",
            "street": "VIA G.COGO BASSANO DEL GRA",
            "postal_Code": "00000",
            "province": "00000",
            "city": "00000",
            "country": "00000",
            "status_READY_D75_3_7": true,
            "status_Machine_Blocked": false,
            "codice_GPS": "14204",
            "sheet_Name": "Sheet",
            "customer_Name": "etra",
            "matricola_Bte": "00000",
            "matricola_Kgn": "240609",
            "ip_Router": "10.20.1.62",
            "note": "-----",
            "gps_x": "45.777345",
            "gps_y": "11.749509",
            "municipility": "BASSANO DEL GRA",
            "customer": "etra",
            "address": "VIA G.COGO"
        },
        {
            "id": 33,
            "machine_Name": "33",
            "status": 1,
            "waste": "plastica",
            "linux_Version": "00000",
            "start_Available": "0000-00-00",
            "end_Available": "0000-00-00",
            "street": "VIA G.COGO BASSANO DEL GRA",
            "postal_Code": "00000",
            "province": "00000",
            "city": "00000",
            "country": "00000",
            "status_READY_D75_3_7": true,
            "status_Machine_Blocked": false,
            "codice_GPS": "14504",
            "sheet_Name": "Sheet",
            "customer_Name": "etra",
            "matricola_Bte": "00000",
            "matricola_Kgn": "240603",
            "ip_Router": "10.20.1.63",
            "note": "-----",
            "gps_x": "45.777345",
            "gps_y": "11.749509",
            "municipility": "BASSANO DEL GRA",
            "customer": "etra",
            "address": "VIA G.COGO"
        },
        {
            "id": 34,
            "machine_Name": "34",
            "status": 0,
            "waste": "secco",
            "linux_Version": "v0",
            "start_Available": "2025-02-26",
            "end_Available": "2025-02-26",
            "street": "VIA XXV APRILE BASSANO DEL GRA",
            "postal_Code": "00000",
            "province": "Bassano",
            "city": "Bassano",
            "country": "Italy",
            "status_READY_D75_3_7": true,
            "status_Machine_Blocked": false,
            "codice_GPS": "14305",
            "sheet_Name": "Sheet",
            "customer_Name": "etra",
            "matricola_Bte": "00000",
            "matricola_Kgn": "240601",
            "ip_Router": "10.20.1.64",
            "note": "-----",
            "gps_x": "45.768605",
            "gps_y": "11.712311",
            "municipility": "BASSANO DEL GRA",
            "customer": "etra",
            "address": "VIA XXV APRILE"
        },
        {
            "id": 35,
            "machine_Name": "35",
            "status": 0,
            "waste": "carta",
            "linux_Version": "v0",
            "start_Available": "2025-02-26",
            "end_Available": "2025-02-26",
            "street": "VIA XXV APRILE BASSANO DEL GRA",
            "postal_Code": "00000",
            "province": "Bassano",
            "city": "Bassano",
            "country": "Italy",
            "status_READY_D75_3_7": true,
            "status_Machine_Blocked": false,
            "codice_GPS": "14205",
            "sheet_Name": "Sheet",
            "customer_Name": "etra",
            "matricola_Bte": "00000",
            "matricola_Kgn": "240608",
            "ip_Router": "10.20.1.65",
            "note": "-----",
            "gps_x": "45.768605",
            "gps_y": "11.712311",
            "municipility": "BASSANO DEL GRA",
            "customer": "etra",
            "address": "VIA XXV APRILE"
        },
        {
            "id": 36,
            "machine_Name": "36",
            "status": 0,
            "waste": "plastica",
            "linux_Version": "v0",
            "start_Available": "2025-02-26",
            "end_Available": "2025-02-26",
            "street": "VIA XXV APRILE BASSANO DEL GRA",
            "postal_Code": "00000",
            "province": "Bassano",
            "city": "Vicenza",
            "country": "Italy",
            "status_READY_D75_3_7": true,
            "status_Machine_Blocked": false,
            "codice_GPS": "14505",
            "sheet_Name": "Sheet",
            "customer_Name": "etra",
            "matricola_Bte": "00000",
            "matricola_Kgn": "00000",
            "ip_Router": "10.20.1.66",
            "note": "-----",
            "gps_x": "45.768605",
            "gps_y": "11.712311",
            "municipility": "BASSANO DEL GRA",
            "customer": "etra",
            "address": "VIA XXV APRILE"
        },
        {
            "id": 37,
            "machine_Name": "37",
            "status": 0,
            "waste": "Secco",
            "linux_Version": "v0",
            "start_Available": "2025-02-26",
            "end_Available": "2025-02-26",
            "street": "test street",
            "postal_Code": "00000",
            "province": "Bassano",
            "city": "Bassano",
            "country": "Italy",
            "status_READY_D75_3_7": true,
            "status_Machine_Blocked": false,
            "codice_GPS": "99516",
            "sheet_Name": "Sheet",
            "customer_Name": "ambiente",
            "matricola_Bte": "25P0025",
            "matricola_Kgn": "250308",
            "ip_Router": "10.20.2.1",
            "note": "---",
            "gps_x": "45.653763",
            "gps_y": "11.563415",
            "municipility": "KGN TEST",
            "customer": "kgn",
            "address": "VIA KGN TEST"
        },
        {
            "id": 38,
            "machine_Name": "38",
            "status": 0,
            "waste": "-----",
            "linux_Version": "v0",
            "start_Available": "2025-02-26",
            "end_Available": "2025-02-26",
            "street": "---------",
            "postal_Code": "00000",
            "province": "-----",
            "city": "-----",
            "country": "-----",
            "status_READY_D75_3_7": false,
            "status_Machine_Blocked": true,
            "codice_GPS": "00000",
            "sheet_Name": "Sheet",
            "customer_Name": "geovest",
            "matricola_Bte": "24P0660",
            "matricola_Kgn": "250301",
            "ip_Router": "10.20.2.2",
            "note": "---",
            "gps_x": "",
            "gps_y": "",
            "municipility": "",
            "customer": "",
            "address": ""
        },
        {
            "id": 39,
            "machine_Name": "39",
            "status": 0,
            "waste": "Plastica",
            "linux_Version": "v0",
            "start_Available": "2025-02-26",
            "end_Available": "2025-02-26",
            "street": "via XXV aprile",
            "postal_Code": "00000",
            "province": "Bassano",
            "city": "Bassano",
            "country": "Italy",
            "status_READY_D75_3_7": true,
            "status_Machine_Blocked": true,
            "codice_GPS": "90510",
            "sheet_Name": "Sheet",
            "customer_Name": "geovest",
            "matricola_Bte": "24P0659",
            "matricola_Kgn": "250302",
            "ip_Router": "10.20.2.3",
            "note": "---",
            "gps_x": "44.769653",
            "gps_y": "11.254831",
            "municipility": "CREVALCORE (BO)",
            "customer": "geovest",
            "address": "VIA UGO LA MALFA"
        },
        {
            "id": 4,
            "machine_Name": "4",
            "status": 1,
            "waste": "carta",
            "linux_Version": "00000",
            "start_Available": "0000-00-00",
            "end_Available": "0000-00-00",
            "street": "ST. S.VIGILIO VALLELAGHI (TN)",
            "postal_Code": "00000",
            "province": "00000",
            "city": "00000",
            "country": "00000",
            "status_READY_D75_3_7": true,
            "status_Machine_Blocked": false,
            "codice_GPS": "88203",
            "sheet_Name": "00000",
            "customer_Name": "asia",
            "matricola_Bte": "00000",
            "matricola_Kgn": "240721",
            "ip_Router": "10.20.1.12",
            "note": "00000",
            "gps_x": "46.064386",
            "gps_y": "10.940783",
            "municipility": "VALLELAGHI (TN)",
            "customer": "asia",
            "address": "ST. S.VIGILIO"
        },
        {
            "id": 40,
            "machine_Name": "40",
            "status": 0,
            "waste": "carta",
            "linux_Version": "v0",
            "start_Available": "2025-02-26",
            "end_Available": "2025-02-26",
            "street": "VIA 11 SETTEMBRE CALDERARA (BO)",
            "postal_Code": "00000",
            "province": "Bassano",
            "city": "Pescara",
            "country": "Italy",
            "status_READY_D75_3_7": true,
            "status_Machine_Blocked": false,
            "codice_GPS": "90205",
            "sheet_Name": "Sheet",
            "customer_Name": "geovest",
            "matricola_Bte": "24P0653",
            "matricola_Kgn": "250304",
            "ip_Router": "10.20.2.4",
            "note": "---",
            "gps_x": "44.560245",
            "gps_y": "11.26666",
            "municipility": "CALDERARA (BO)",
            "customer": "geovest",
            "address": "VIA 11 SETTEMBRE"
        },
        {
            "id": 41,
            "machine_Name": "41",
            "status": 0,
            "waste": "carta",
            "linux_Version": "v0",
            "start_Available": "2025-02-26",
            "end_Available": "2025-02-26",
            "street": "VIA P.P. PASOLINI PESCARA (PE)",
            "postal_Code": "00000",
            "province": "test-province",
            "city": "test-city",
            "country": "Italy",
            "status_READY_D75_3_7": true,
            "status_Machine_Blocked": false,
            "codice_GPS": "61202",
            "sheet_Name": "Sheet",
            "customer_Name": "ambiente",
            "matricola_Bte": "25P0022",
            "matricola_Kgn": "250310",
            "ip_Router": "10.20.2.5",
            "note": "---",
            "gps_x": "42.4918131",
            "gps_y": "14.1825398",
            "municipility": "PESCARA (PE)",
            "customer": "ambiente",
            "address": "VIA P.P. PASOLINI"
        },
        {
            "id": 42,
            "machine_Name": "42",
            "status": 0,
            "waste": "multimateriale",
            "linux_Version": "v0",
            "start_Available": "2025-02-26",
            "end_Available": "2025-02-26",
            "street": "VIA P.P. PASOLINI PESCARA (PE)",
            "postal_Code": "00000",
            "province": "test-province",
            "city": "test-city",
            "country": "Italy",
            "status_READY_D75_3_7": true,
            "status_Machine_Blocked": false,
            "codice_GPS": "61502",
            "sheet_Name": "Sheet",
            "customer_Name": "ambiente",
            "matricola_Bte": "25P0024",
            "matricola_Kgn": "250307",
            "ip_Router": "10.20.2.6",
            "note": "---",
            "gps_x": "42.4918131",
            "gps_y": "14.1825398",
            "municipility": "PESCARA (PE)",
            "customer": "ambiente",
            "address": "VIA P.P. PASOLINI"
        },
        {
            "id": 43,
            "machine_Name": "43",
            "status": 0,
            "waste": "secco",
            "linux_Version": "v0",
            "start_Available": "2025-02-26",
            "end_Available": "2025-02-26",
            "street": "VIA KGN TEST KGN TEST",
            "postal_Code": "00000",
            "province": "test-province",
            "city": "test-city",
            "country": "Italy",
            "status_READY_D75_3_7": true,
            "status_Machine_Blocked": false,
            "codice_GPS": "99316",
            "sheet_Name": "Sheet",
            "customer_Name": "kgn",
            "matricola_Bte": "25P0027",
            "matricola_Kgn": "250305",
            "ip_Router": "10.20.2.7",
            "note": "---",
            "gps_x": "45.653763",
            "gps_y": "11.563415",
            "municipility": "KGN TEST",
            "customer": "kgn",
            "address": "VIA KGN TEST"
        },
        {
            "id": 44,
            "machine_Name": "44",
            "status": 0,
            "waste": "plastica",
            "linux_Version": "v0",
            "start_Available": "2025-02-26",
            "end_Available": "2025-02-26",
            "street": "VIA 11 SETTEMBRE CALDERARA (BO)",
            "postal_Code": "00000",
            "province": "Bassano",
            "city": "Pescara",
            "country": "Italy",
            "status_READY_D75_3_7": true,
            "status_Machine_Blocked": false,
            "codice_GPS": "90505",
            "sheet_Name": "Sheet",
            "customer_Name": "geovest",
            "matricola_Bte": "24P0654",
            "matricola_Kgn": "250303",
            "ip_Router": "10.20.2.8",
            "note": "---",
            "gps_x": "44.560245",
            "gps_y": "11.26666",
            "municipility": "CALDERARA (BO)",
            "customer": "geovest",
            "address": "VIA 11 SETTEMBRE"
        }
    ]
}