{
    "count": 5460,
    "next": "http://127.0.0.1:8000/myapi/logs/?page=3",
    "previous": "http://127.0.0.1:8000/myapi/logs/",
    "results": [
        {
            "id": 12411,
            "machine_ip": "10.20.1.17",
            "customer_name": "etra",
            "name_alarm": "pronto",
            "code_alarm": "S1",
            "date_and_time": "2025-07-21T10:47:08.477791Z"
        },
        {
            "id": 12410,
            "machine_ip": "10.20.1.20",
            "customer_name": "etra",
            "name_alarm": "pronto",
            "code_alarm": "S1",
            "date_and_time": "2025-07-21T10:45:50.177326Z"
        },
        {
            "id": 12409,
            "machine_ip": "10.20.1.20",
            "customer_name": "etra",
            "name_alarm": "Superati Tentativi in chiusura - ERRORE BLOCCANTE",
            "code_alarm": "F55",
            "date_and_time": "2025-07-21T10:44:50.655378Z"
        },
        {
            "id": 12408,
            "machine_ip": "10.20.1.30",
            "customer_name": "etra",
            "name_alarm": "pronto",
            "code_alarm": "S1",
            "date_and_time": "2025-07-21T10:44:50.207721Z"
        },
        {
            "id": 12407,
            "machine_ip": "10.20.1.30",
            "customer_name": "etra",
            "name_alarm": "Superati Tentativi in chiusura - ERRORE BLOCCANTE",
            "code_alarm": "F55",
            "date_and_time": "2025-07-21T10:43:51.460479Z"
        },
        {
            "id": 12406,
            "machine_ip": "10.20.1.30",
            "customer_name": "etra",
            "name_alarm": "Bordo Sensibile Intervenutos",
            "code_alarm": "F45",
            "date_and_time": "2025-07-21T10:43:37.365316Z"
        },
        {
            "id": 12405,
            "machine_ip": "10.20.2.24",
            "customer_name": "geovest",
            "name_alarm": "pronto",
            "code_alarm": "S1",
            "date_and_time": "2025-07-21T10:42:06.540463Z"
        },
        {
            "id": 12404,
            "machine_ip": "10.20.2.37",
            "customer_name": "geovest",
            "name_alarm": "pronto",
            "code_alarm": "S1",
            "date_and_time": "2025-07-21T10:40:57.254923Z"
        },
        {
            "id": 12403,
            "machine_ip": "10.20.2.24",
            "customer_name": "geovest",
            "name_alarm": "Porta Aperta",
            "code_alarm": "F07",
            "date_and_time": "2025-07-21T10:40:20.629303Z"
        },
        {
            "id": 12402,
            "machine_ip": "10.20.2.37",
            "customer_name": "geovest",
            "name_alarm": "Porta Aperta",
            "code_alarm": "F07",
            "date_and_time": "2025-07-21T10:38:49.066719Z"
        },
        {
            "id": 12401,
            "machine_ip": "10.20.1.35",
            "customer_name": "etra",
            "name_alarm": "Container quasi Pieno",
            "code_alarm": "F16",
            "date_and_time": "2025-07-21T10:37:15.679264Z"
        },
        {
            "id": 12400,
            "machine_ip": "10.20.1.56",
            "customer_name": "etra",
            "name_alarm": "pronto",
            "code_alarm": "S1",
            "date_and_time": "2025-07-21T10:16:05.203699Z"
        },
        {
            "id": 12399,
            "machine_ip": "10.20.1.24",
            "customer_name": "etra",
            "name_alarm": "pronto",
            "code_alarm": "S1",
            "date_and_time": "2025-07-21T10:14:00.173241Z"
        },
        {
            "id": 12398,
            "machine_ip": "10.20.1.24",
            "customer_name": "etra",
            "name_alarm": "Superati Tentativi in chiusura - ERRORE BLOCCANTE",
            "code_alarm": "F55",
            "date_and_time": "2025-07-21T10:12:26.944933Z"
        },
        {
            "id": 12397,
            "machine_ip": "10.20.1.56",
            "customer_name": "etra",
            "name_alarm": "Mancanza Rete Elettrica",
            "code_alarm": "F06",
            "date_and_time": "2025-07-21T10:12:00.154556Z"
        },
        {
            "id": 12396,
            "machine_ip": "10.20.1.6",
            "customer_name": "etra",
            "name_alarm": "pronto",
            "code_alarm": "S1",
            "date_and_time": "2025-07-21T10:10:25.627788Z"
        },
        {
            "id": 12395,
            "machine_ip": "10.20.1.6",
            "customer_name": "etra",
            "name_alarm": "Superati Tentativi in chiusura - ERRORE BLOCCANTE",
            "code_alarm": "F55",
            "date_and_time": "2025-07-21T10:09:11.686826Z"
        },
        {
            "id": 12394,
            "machine_ip": "10.20.1.56",
            "customer_name": "etra",
            "name_alarm": "Porta Aperta",
            "code_alarm": "F07",
            "date_and_time": "2025-07-21T10:06:10.961120Z"
        },
        {
            "id": 12393,
            "machine_ip": "10.20.1.56",
            "customer_name": "etra",
            "name_alarm": "Mancanza Rete Elettrica",
            "code_alarm": "F06",
            "date_and_time": "2025-07-21T10:05:57.548641Z"
        },
        {
            "id": 12392,
            "machine_ip": "10.20.1.56",
            "customer_name": "etra",
            "name_alarm": "pronto",
            "code_alarm": "S1",
            "date_and_time": "2025-07-21T09:53:11.037784Z"
        }
    ]
}