{
    "count": 5460,
    "next": "http://127.0.0.1:8000/myapi/logs/?page=4",
    "previous": "http://127.0.0.1:8000/myapi/logs/?page=2",
    "results": [
        {
            "id": 12391,
            "machine_ip": "10.20.1.57",
            "customer_name": "etra",
            "name_alarm": "Bordo Sensibile Intervenuto",
            "code_alarm": "F45",
            "date_and_time": "2025-07-21T09:51:32.106240Z"
        },
        {
            "id": 12390,
            "machine_ip": "10.20.1.56",
            "customer_name": "etra",
            "name_alarm": "Sistema di pesatura NOK",
            "code_alarm": "F22",
            "date_and_time": "2025-07-21T09:49:06.466415Z"
        },
        {
            "id": 12389,
            "machine_ip": "10.20.1.56",
            "customer_name": "etra",
            "name_alarm": "Mancanza Rete Elettrica",
            "code_alarm": "F06",
            "date_and_time": "2025-07-21T09:43:23.433250Z"
        },
        {
            "id": 12388,
            "machine_ip": "10.20.1.56",
            "customer_name": "etra",
            "name_alarm": "Porta Aperta",
            "code_alarm": "F07",
            "date_and_time": "2025-07-21T09:42:58.551847Z"
        },
        {
            "id": 12387,
            "machine_ip": "10.20.1.60",
            "customer_name": "etra",
            "name_alarm": "pronto",
            "code_alarm": "S1",
            "date_and_time": "2025-07-21T09:35:30.371445Z"
        },
        {
            "id": 12386,
            "machine_ip": "10.20.1.60",
            "customer_name": "etra",
            "name_alarm": "Superati Tentativi in chiusura - ERRORE BLOCCANTE",
            "code_alarm": "F55",
            "date_and_time": "2025-07-21T09:34:35.441958Z"
        },
        {
            "id": 12385,
            "machine_ip": "10.20.1.60",
            "customer_name": "etra",
            "name_alarm": "Bordo Sensibile Intervenuto",
            "code_alarm": "F45",
            "date_and_time": "2025-07-21T09:34:21.384320Z"
        },
        {
            "id": 12384,
            "machine_ip": "10.20.1.35",
            "customer_name": "etra",
            "name_alarm": "Container quasi Pieno",
            "code_alarm": "F16",
            "date_and_time": "2025-07-21T09:31:28.536982Z"
        },
        {
            "id": 12383,
            "machine_ip": "10.20.1.56",
            "customer_name": "etra",
            "name_alarm": "Superati Tentativi in chiusura - ERRORE BLOCCANTE",
            "code_alarm": "F55",
            "date_and_time": "2025-07-21T09:20:28.317798Z"
        },
        {
            "id": 12382,
            "machine_ip": "10.20.1.54",
            "customer_name": "etra",
            "name_alarm": "pronto",
            "code_alarm": "S1",
            "date_and_time": "2025-07-21T09:20:15.955123Z"
        },
        {
            "id": 12381,
            "machine_ip": "10.20.1.56",
            "customer_name": "etra",
            "name_alarm": "Bordo Sensibile Intervenuto",
            "code_alarm": "F45",
            "date_and_time": "2025-07-21T09:20:14.440724Z"
        },
        {
            "id": 12380,
            "machine_ip": "10.20.1.54",
            "customer_name": "etra",
            "name_alarm": "Superati Tentativi in chiusura - ERRORE BLOCCANTE",
            "code_alarm": "F55",
            "date_and_time": "2025-07-21T09:17:07.072522Z"
        },
        {
            "id": 12379,
            "machine_ip": "10.20.1.54",
            "customer_name": "etra",
            "name_alarm": "Bordo Sensibile Intervenuto",
            "code_alarm": "F45",
            "date_and_time": "2025-07-21T09:16:50.311476Z"
        },
        {
            "id": 12378,
            "machine_ip": "10.20.1.57",
            "customer_name": "etra",
            "name_alarm": "Superati Tentativi in chiusura - ERRORE BLOCCANTE",
            "code_alarm": "F55",
            "date_and_time": "2025-07-21T09:16:36.549724Z"
        },
        {
            "id": 12377,
            "machine_ip": "10.20.1.35",
            "customer_name": "etra",
            "name_alarm": "Container quasi Pieno",
            "code_alarm": "F16",
            "date_and_time": "2025-07-21T08:49:36.641401Z"
        },
        {
            "id": 12376,
            "machine_ip": "10.20.1.42",
            "customer_name": "etra",
            "name_alarm": "pronto",
            "code_alarm": "S1",
            "date_and_time": "2025-07-21T08:29:56.210514Z"
        },
        {
            "id": 12375,
            "machine_ip": "10.20.1.35",
            "customer_name": "etra",
            "name_alarm": "pronto",
            "code_alarm": "S1",
            "date_and_time": "2025-07-21T08:29:43.652517Z"
        },
        {
            "id": 12374,
            "machine_ip": "10.20.1.36",
            "customer_name": "etra",
            "name_alarm": "pronto",
            "code_alarm": "S1",
            "date_and_time": "2025-07-21T08:29:37.184310Z"
        },
        {
            "id": 12373,
            "machine_ip": "10.20.1.36",
            "customer_name": "etra",
            "name_alarm": "Bordo Sensibile Intervenutos",
            "code_alarm": "F45",
            "date_and_time": "2025-07-21T08:28:41.563575Z"
        },
        {
            "id": 12372,
            "machine_ip": "10.20.1.35",
            "customer_name": "etra",
            "name_alarm": "Superati Tentativi in chiusura - ERRORE BLOCCANTE",
            "code_alarm": "F55",
            "date_and_time": "2025-07-21T08:28:16.328724Z"
        }
    ]
}