{
    "count": 5459,
    "next": "http://127.0.0.1:8000/myapi/logs/?page=2",
    "previous": null,
    "results": [
        {
            "id": 12430,
            "machine_ip": "10.20.1.22",
            "customer_name": "ecomont",
            "name_alarm": "Mancanza Rete Elettrica",
            "code_alarm": "F06",
            "date_and_time": "2025-07-21T14:51:40.314915Z"
        },
        {
            "id": 12429,
            "machine_ip": "10.20.1.22",
            "customer_name": "ecomont",
            "name_alarm": "Porta Aperta",
            "code_alarm": "F07",
            "date_and_time": "2025-07-21T14:51:03.966513Z"
        },
        {
            "id": 12428,
            "machine_ip": "10.20.1.28",
            "customer_name": "ecomont",
            "name_alarm": "Sensore Chiusura sempre attivo - ERRORE BLOCCANTE",
            "code_alarm": "F44",
            "date_and_time": "2025-07-21T14:44:14.094078Z"
        },
        {
            "id": 12427,
            "machine_ip": "10.20.1.28",
            "customer_name": "ecomont",
            "name_alarm": "Sensore Apertura sempre attivo",
            "code_alarm": "F43",
            "date_and_time": "2025-07-21T14:44:12.665507Z"
        },
        {
            "id": 12426,
            "machine_ip": "10.20.1.33",
            "customer_name": "etra",
            "name_alarm": "Mancanza Rete Elettrica",
            "code_alarm": "F06",
            "date_and_time": "2025-07-21T14:35:34.075696Z"
        },
        {
            "id": 12425,
            "machine_ip": "10.20.1.33",
            "customer_name": "etra",
            "name_alarm": "Porta Aperta",
            "code_alarm": "F07",
            "date_and_time": "2025-07-21T14:35:09.361918Z"
        },
        {
            "id": 12424,
            "machine_ip": "10.20.1.35",
            "customer_name": "etra",
            "name_alarm": "Container quasi Pieno",
            "code_alarm": "F16",
            "date_and_time": "2025-07-21T13:41:47.886245Z"
        },
        {
            "id": 12423,
            "machine_ip": "10.20.1.56",
            "customer_name": "etra",
            "name_alarm": "pronto",
            "code_alarm": "S1",
            "date_and_time": "2025-07-21T12:42:26.651338Z"
        },
        {
            "id": 12422,
            "machine_ip": "10.20.1.56",
            "customer_name": "etra",
            "name_alarm": "errore cesto",
            "code_alarm": "F72",
            "date_and_time": "2025-07-21T12:38:13.063813Z"
        },
        {
            "id": 12421,
            "machine_ip": "10.20.1.56",
            "customer_name": "etra",
            "name_alarm": "Superati Tentativi di Ripristino - ERRORE BLOCCANTE",
            "code_alarm": "F35",
            "date_and_time": "2025-07-21T12:38:11.606992Z"
        },
        {
            "id": 12420,
            "machine_ip": "10.20.2.26",
            "customer_name": "geovest",
            "name_alarm": "pronto",
            "code_alarm": "S1",
            "date_and_time": "2025-07-21T12:06:53.749847Z"
        },
        {
            "id": 12419,
            "machine_ip": "10.20.2.25",
            "customer_name": "geovest",
            "name_alarm": "Porta Aperta",
            "code_alarm": "F07",
            "date_and_time": "2025-07-21T12:06:24.283832Z"
        },
        {
            "id": 12418,
            "machine_ip": "10.20.2.33",
            "customer_name": "geovest",
            "name_alarm": "pronto",
            "code_alarm": "S1",
            "date_and_time": "2025-07-21T12:05:35.456975Z"
        },
        {
            "id": 12417,
            "machine_ip": "10.20.2.26",
            "customer_name": "geovest",
            "name_alarm": "Porta Aperta",
            "code_alarm": "F07",
            "date_and_time": "2025-07-21T12:05:07.514825Z"
        },
        {
            "id": 12416,
            "machine_ip": "10.20.2.33",
            "customer_name": "geovest",
            "name_alarm": "Porta Aperta",
            "code_alarm": "F07",
            "date_and_time": "2025-07-21T12:03:31.699716Z"
        },
        {
            "id": 12415,
            "machine_ip": "10.20.1.16",
            "customer_name": "etra",
            "name_alarm": "pronto",
            "code_alarm": "S1",
            "date_and_time": "2025-07-21T11:01:38.369457Z"
        },
        {
            "id": 12414,
            "machine_ip": "10.20.1.21",
            "customer_name": "etra",
            "name_alarm": "pronto",
            "code_alarm": "S1",
            "date_and_time": "2025-07-21T11:00:04.638872Z"
        },
        {
            "id": 12413,
            "machine_ip": "10.20.1.16",
            "customer_name": "etra",
            "name_alarm": "Superati Tentativi in chiusura - ERRORE BLOCCANTE",
            "code_alarm": "F55",
            "date_and_time": "2025-07-21T10:59:44.421727Z"
        },
        {
            "id": 12412,
            "machine_ip": "10.20.1.56",
            "customer_name": "etra",
            "name_alarm": "Porta Aperta",
            "code_alarm": "F07",
            "date_and_time": "2025-07-21T10:54:22.924288Z"
        },
        {
            "id": 12411,
            "machine_ip": "10.20.1.17",
            "customer_name": "etra",
            "name_alarm": "pronto",
            "code_alarm": "S1",
            "date_and_time": "2025-07-21T10:47:08.477791Z"
        }
    ]
}