{
    "meta": {
        "total": 38,
        "page": 2,
        "page_size": 10,
        "total_pages": 4,
        "has_next": true,
        "has_prev": true,
        "next_page": 3,
        "prev_page": 1
    },
    "data": [
        {
            "id": 15,
            "type": [
                {
                    "key": "MECCANICO",
                    "label": "Meccanico"
                },
                {
                    "key": "HYDRAULICO|1",
                    "label": "Hydraulico|1"
                }
            ],
            "description": "This is nother|close",
            "category": "etra",
            "date_Time": "2025-07-25T13:52:14.675984Z",
            "machine": 6,
            "alarm": 2
        },
        {
            "id": 16,
            "type": [
                {
                    "key": "ELECTTRICO",
                    "label": "Electtrico"
                },
                {
                    "key": "BANCA_DATI|12",
                    "label": "Banca Dati|12"
                }
            ],
            "description": "jskjdahskjfhaskjbfkjsabckjabskxcbxznbmnczbdabfeuwifbsac snacbjhaclose ticket",
            "category": "etra",
            "date_Time": "2025-07-25T15:45:21.091402Z",
            "machine": 1,
            "alarm": 2
        },
        {
            "id": 17,
            "type": [
                {
                    "key": "ELECTTRICO",
                    "label": "Electtrico"
                },
                {
                    "key": "BANCA_DATI[1]",
                    "label": "Banca Dati[1]"
                }
            ],
            "description": "This is TestingThis is TestingThis is TestingThis is TestingThis is TestingThis is Testings",
            "category": "etra",
            "date_Time": "2025-07-28T14:57:12.992499Z",
            "machine": 1,
            "alarm": 2
        },
        {
            "id": 18,
            "type": [
                {
                    "key": "HYDRAULICO",
                    "label": "Hydraulico"
                },
                {
                    "key": "ELECTTRICO|1",
                    "label": "Electtrico|1"
                }
            ],
            "description": "|closed",
            "category": "geovest",
            "date_Time": "2025-07-29T08:20:56.728970Z",
            "machine": 38,
            "alarm": 2
        },
        {
            "id": 19,
            "type": [
                {
                    "key": "MECCANICO",
                    "label": "Meccanico"
                },
                {
                    "key": "IYDRAULICO|1",
                    "label": "Iydraulico|1"
                }
            ],
            "description": "hi|hi2",
            "category": "geovest",
            "date_Time": "2025-07-29T15:13:47.044381Z",
            "machine": 38,
            "alarm": 2
        },
        {
            "id": 20,
            "type": [
                {
                    "key": "MECCANICO",
                    "label": "Meccanico"
                }
            ],
            "description": "Hi",
            "category": "kgn",
            "date_Time": "2025-08-05T08:03:04.797457Z",
            "machine": 53,
            "alarm": 1
        },
        {
            "id": 21,
            "type": [
                {
                    "key": "MECCANICO",
                    "label": "Meccanico"
                }
            ],
            "description": "Hi",
            "category": "kgn",
            "date_Time": "2025-08-05T08:04:39.956228Z",
            "machine": 53,
            "alarm": 1
        },
        {
            "id": 22,
            "type": [
                {
                    "key": "MECCANICO",
                    "label": "Meccanico"
                },
                {
                    "key": "IDRAULICO",
                    "label": "Idraulico"
                }
            ],
            "description": "Hi",
            "category": "kgn",
            "date_Time": "2025-08-05T08:05:09.577285Z",
            "machine": 53,
            "alarm": 1
        },
        {
            "id": 23,
            "type": [
                {
                    "key": "MECCANICO",
                    "label": "Meccanico"
                },
                {
                    "key": "IDRAULICO",
                    "label": "Idraulico"
                }
            ],
            "description": "Hi",
            "category": "kgn",
            "date_Time": "2025-08-05T08:08:16.596976Z",
            "machine": 53,
            "alarm": 1
        },
        {
            "id": 24,
            "type": [
                {
                    "key": "MECCANICO",
                    "label": "Meccanico"
                },
                {
                    "key": "IDRAULICO",
                    "label": "Idraulico"
                }
            ],
            "description": "Hi",
            "category": "kgn",
            "date_Time": "2025-08-05T08:08:24.550242Z",
            "machine": 53,
            "alarm": 1
        }
    ]
}