{
    "count": 216,
    "next": "http://127.0.0.1:8000/myapi/gps/?page=2",
    "previous": null,
    "results": [
        {
            "id": 553,
            "codice": "1202",
            "gps_x": "45.4303",
            "gps_y": "11.795813",
            "municipility": "RUBANO (PD)",
            "customer": "etra",
            "waste": "carta",
            "address": "VIA PORDENONE"
        },
        {
            "id": 554,
            "codice": "1204",
            "gps_x": "45.422954",
            "gps_y": "11.813733",
            "municipility": "RUBANO (PD)",
            "customer": "etra",
            "waste": "carta",
            "address": "VIA TICINO SUP"
        },
        {
            "id": 555,
            "codice": "1206",
            "gps_x": "45.425185",
            "gps_y": "11.817853",
            "municipility": "RUBANO (PD)",
            "customer": "etra",
            "waste": "carta",
            "address": "VIALE BRENTA"
        },
        {
            "id": 556,
            "codice": "1209",
            "gps_x": "45.429848",
            "gps_y": "11.786985",
            "municipility": "RUBANO (PD)",
            "customer": "etra",
            "waste": "carta",
            "address": "VIA TRIESTE"
        },
        {
            "id": 557,
            "codice": "1213",
            "gps_x": "45.427916",
            "gps_y": "11.810757",
            "municipility": "RUBANO (PD)",
            "customer": "etra",
            "waste": "carta",
            "address": "VIA GRONCHI"
        },
        {
            "id": 558,
            "codice": "1215",
            "gps_x": "45.43089",
            "gps_y": "11.780787",
            "municipility": "RUBANO (PD)",
            "customer": "etra",
            "waste": "carta",
            "address": "VIA NARDI"
        },
        {
            "id": 559,
            "codice": "1216",
            "gps_x": "45.420865",
            "gps_y": "11.805895",
            "municipility": "RUBANO (PD)",
            "customer": "etra",
            "waste": "carta",
            "address": "VIA DANTE"
        },
        {
            "id": 560,
            "codice": "1217",
            "gps_x": "45.426605",
            "gps_y": "11.806892",
            "municipility": "RUBANO (PD)",
            "customer": "etra",
            "waste": "carta",
            "address": "VIA TOSCANA"
        },
        {
            "id": 561,
            "codice": "1301",
            "gps_x": "45.427171",
            "gps_y": "11.789426",
            "municipility": "RUBANO (PD)",
            "customer": "etra",
            "waste": "secco",
            "address": "VIA GENOVA"
        },
        {
            "id": 562,
            "codice": "1302",
            "gps_x": "45.4303",
            "gps_y": "11.795813",
            "municipility": "RUBANO (PD)",
            "customer": "etra",
            "waste": "secco",
            "address": "VIA PORDENONE"
        },
        {
            "id": 563,
            "codice": "1304",
            "gps_x": "45.422954",
            "gps_y": "11.813733",
            "municipility": "RUBANO (PD)",
            "customer": "etra",
            "waste": "secco",
            "address": "VIA TICINO SUP"
        },
        {
            "id": 564,
            "codice": "1306",
            "gps_x": "45.425185",
            "gps_y": "11.817853",
            "municipility": "RUBANO (PD)",
            "customer": "etra",
            "waste": "secco",
            "address": "VIALE BRENTA"
        },
        {
            "id": 565,
            "codice": "1307",
            "gps_x": "45.420709",
            "gps_y": "11.824836",
            "municipility": "RUBANO (PD)",
            "customer": "etra",
            "waste": "secco",
            "address": "VIA ROLANDINO"
        },
        {
            "id": 566,
            "codice": "1308",
            "gps_x": "45.422505",
            "gps_y": "11.812698",
            "municipility": "RUBANO (PD)",
            "customer": "etra",
            "waste": "secco",
            "address": "VIA LAZIO"
        },
        {
            "id": 567,
            "codice": "1309",
            "gps_x": "45.429848",
            "gps_y": "11.786985",
            "municipility": "RUBANO (PD)",
            "customer": "etra",
            "waste": "secco",
            "address": "VIA TRIESTE"
        },
        {
            "id": 568,
            "codice": "1311",
            "gps_x": "45.443217",
            "gps_y": "11.797391",
            "municipility": "RUBANO (PD)",
            "customer": "etra",
            "waste": "secco",
            "address": "VIA CAVALLOTTO"
        },
        {
            "id": 569,
            "codice": "1313",
            "gps_x": "45.427916",
            "gps_y": "11.810757",
            "municipility": "RUBANO (PD)",
            "customer": "etra",
            "waste": "secco",
            "address": "VIA GRONCHI"
        },
        {
            "id": 570,
            "codice": "1315",
            "gps_x": "45.43089",
            "gps_y": "11.780787",
            "municipility": "RUBANO (PD)",
            "customer": "etra",
            "waste": "secco",
            "address": "VIA NARDI"
        },
        {
            "id": 571,
            "codice": "1316",
            "gps_x": "45.420865",
            "gps_y": "11.805895",
            "municipility": "RUBANO (PD)",
            "customer": "etra",
            "waste": "secco",
            "address": "VIA DANTE"
        },
        {
            "id": 572,
            "codice": "1317",
            "gps_x": "45.426605",
            "gps_y": "11.806892",
            "municipility": "RUBANO (PD)",
            "customer": "etra",
            "waste": "secco",
            "address": "VIA TOSCANA"
        }
    ]
}