{
    "meta": {
        "total": 104,
        "page": null,
        "page_size": null,
        "total_pages": null,
        "has_next": null,
        "has_prev": null,
        "next_page": null,
        "prev_page": null
    },
    "data": [
        {
            "id": 1,
            "machine_Name": "1",
            "status": 1,
            "waste": "Plastica",
            "linux_Version": "00000",
            "start_Available": "0000-00-00",
            "end_Available": "0000-00-00",
            "street": "Via Sardegna BASSANO",
            "postal_Code": "00000",
            "province": "00000",
            "city": "00000",
            "country": "00000",
            "status_READY_D75_3_7": false,
            "status_Machine_Blocked": true,
            "codice_GPS": "0000",
            "sheet_Name": "00000",
            "customer_Name": "etra",
            "matricola_Bte": "00000",
            "matricola_Kgn": "00000",
            "ip_Router": "10.20.1.39",
            "note": "00000",
            "gps_x": "",
            "gps_y": "",
            "municipility": "",
            "customer": "",
            "address": ""
        },
        {
            "id": 10,
            "machine_Name": "10",
            "status": 1,
            "waste": "secco",
            "linux_Version": "00000",
            "start_Available": "0000-00-00",
            "end_Available": "0000-00-00",
            "street": "VIA NARDI RUBANO (PD)",
            "postal_Code": "00000",
            "province": "00000",
            "city": "00000",
            "country": "00000",
            "status_READY_D75_3_7": true,
            "status_Machine_Blocked": false,
            "codice_GPS": "1315",
            "sheet_Name": "00000",
            "customer_Name": "etra",
            "matricola_Bte": "00000",
            "matricola_Kgn": "241105",
            "ip_Router": "10.20.1.42",
            "note": "00000",
            "gps_x": "45.43089",
            "gps_y": "11.780787",
            "municipility": "RUBANO (PD)",
            "customer": "etra",
            "address": "VIA NARDI"
        },
        {
            "id": 100,
            "machine_Name": "100",
            "status": 0,
            "waste": "Indifferenziato",
            "linux_Version": "v0",
            "start_Available": "2025-05-14",
            "end_Available": "2025-05-14",
            "street": "via test",
            "postal_Code": "00000",
            "province": "test-province",
            "city": "test-city",
            "country": "Italy",
            "status_READY_D75_3_7": false,
            "status_Machine_Blocked": true,
            "codice_GPS": "0000",
            "sheet_Name": "Sheet100",
            "customer_Name": "geovest",
            "matricola_Bte": "25P0289",
            "matricola_Kgn": "250609",
            "ip_Router": "10.20.2.50",
            "note": "----",
            "gps_x": "",
            "gps_y": "",
            "municipility": "",
            "customer": "",
            "address": ""
        },
        {
            "id": 101,
            "machine_Name": "101",
            "status": 0,
            "waste": "Secco",
            "linux_Version": "v0",
            "start_Available": "2025-05-14",
            "end_Available": "2025-05-14",
            "street": "via Cusinati Rossano Veneto",
            "postal_Code": "00000",
            "province": "test-province",
            "city": "test-city",
            "country": "Italy",
            "status_READY_D75_3_7": true,
            "status_Machine_Blocked": false,
            "codice_GPS": "32301",
            "sheet_Name": "Sheet101",
            "customer_Name": "etra",
            "matricola_Bte": "23P0521",
            "matricola_Kgn": "241026",
            "ip_Router": "10.20.1.71",
            "note": "----",
            "gps_x": "45.700772",
            "gps_y": "11.792885",
            "municipility": "Rossano Veneto",
            "customer": "etra",
            "address": "via Cusinati"
        },
        {
            "id": 102,
            "machine_Name": "102",
            "status": 0,
            "waste": "Plastica",
            "linux_Version": "v0",
            "start_Available": "2025-05-14",
            "end_Available": "2025-05-14",
            "street": "via Cusinati Rossano Veneto",
            "postal_Code": "00000",
            "province": "test-province",
            "city": "test-city",
            "country": "Italy",
            "status_READY_D75_3_7": true,
            "status_Machine_Blocked": false,
            "codice_GPS": "32501",
            "sheet_Name": "Sheet102",
            "customer_Name": "etra",
            "matricola_Bte": "23P0522",
            "matricola_Kgn": "241033",
            "ip_Router": "10.20.1.73",
            "note": "----",
            "gps_x": "45.700772",
            "gps_y": "11.792885",
            "municipility": "Rossano Veneto",
            "customer": "etra",
            "address": "via Cusinati"
        },
        {
            "id": 103,
            "machine_Name": "103",
            "status": 0,
            "waste": "Carta",
            "linux_Version": "v0",
            "start_Available": "2025-05-14",
            "end_Available": "2025-05-14",
            "street": "via Cusinati Rossano Veneto",
            "postal_Code": "00000",
            "province": "test-province",
            "city": "test-city",
            "country": "Italy",
            "status_READY_D75_3_7": true,
            "status_Machine_Blocked": false,
            "codice_GPS": "32201",
            "sheet_Name": "Sheet103",
            "customer_Name": "etra",
            "matricola_Bte": "24P0025",
            "matricola_Kgn": "241021",
            "ip_Router": "10.20.1.72",
            "note": "----",
            "gps_x": "45.700772",
            "gps_y": "11.792885",
            "municipility": "Rossano Veneto",
            "customer": "etra",
            "address": "via Cusinati"
        },
        {
            "id": 104,
            "machine_Name": "104",
            "status": 0,
            "waste": "carta01",
            "linux_Version": "v0",
            "start_Available": "2025-05-14",
            "end_Available": "2025-05-14",
            "street": "VIA KGN TEST KGN TEST",
            "postal_Code": "00000",
            "province": "test-province",
            "city": "test-city",
            "country": "Italy",
            "status_READY_D75_3_7": false,
            "status_Machine_Blocked": true,
            "codice_GPS": "99216",
            "sheet_Name": "0000",
            "customer_Name": "kgn",
            "matricola_Bte": "0000",
            "matricola_Kgn": "0000",
            "ip_Router": "10.20.2.47",
            "note": "0000",
            "gps_x": "45.653763",
            "gps_y": "11.563415",
            "municipility": "KGN TEST",
            "customer": "kgn",
            "address": "VIA KGN TEST"
        },
        {
            "id": 11,
            "machine_Name": "11",
            "status": 1,
            "waste": "carta",
            "linux_Version": "v1",
            "start_Available": "2024-01-01",
            "end_Available": "2025-01-01",
            "street": "VIA NARDI RUBANO (PD)",
            "postal_Code": "12345",
            "province": "Province Name",
            "city": "CityName",
            "country": "CountryName",
            "status_READY_D75_3_7": true,
            "status_Machine_Blocked": false,
            "codice_GPS": "1215",
            "sheet_Name": "00000",
            "customer_Name": "etra",
            "matricola_Bte": "00000",
            "matricola_Kgn": "241104",
            "ip_Router": "10.20.1.35",
            "note": "00000",
            "gps_x": "45.43089",
            "gps_y": "11.780787",
            "municipility": "RUBANO (PD)",
            "customer": "etra",
            "address": "VIA NARDI"
        },
        {
            "id": 12,
            "machine_Name": "12",
            "status": 1,
            "waste": "plastica",
            "linux_Version": "00000",
            "start_Available": "0000-00-00",
            "end_Available": "0000-00-00",
            "street": "VIA NARDI RUBANO (PD)",
            "postal_Code": "00000",
            "province": "00000",
            "city": "00000",
            "country": "00000",
            "status_READY_D75_3_7": true,
            "status_Machine_Blocked": false,
            "codice_GPS": "1515",
            "sheet_Name": "00000",
            "customer_Name": "etra",
            "matricola_Bte": "00000",
            "matricola_Kgn": "241106",
            "ip_Router": "10.20.1.36",
            "note": "00000",
            "gps_x": "45.43089",
            "gps_y": "11.780787",
            "municipility": "RUBANO (PD)",
            "customer": "etra",
            "address": "VIA NARDI"
        },
        {
            "id": 13,
            "machine_Name": "13",
            "status": 1,
            "waste": "secco",
            "linux_Version": "00000",
            "start_Available": "0000-00-00",
            "end_Available": "0000-00-00",
            "street": "VIA GRONCHI RUBANO (PD)",
            "postal_Code": "00000",
            "province": "00000",
            "city": "00000",
            "country": "00000",
            "status_READY_D75_3_7": true,
            "status_Machine_Blocked": false,
            "codice_GPS": "1313",
            "sheet_Name": "00000",
            "customer_Name": "etra",
            "matricola_Bte": "00000",
            "matricola_Kgn": "241134",
            "ip_Router": "10.20.1.17",
            "note": "00000",
            "gps_x": "45.427916",
            "gps_y": "11.810757",
            "municipility": "RUBANO (PD)",
            "customer": "etra",
            "address": "VIA GRONCHI"
        },
        {
            "id": 14,
            "machine_Name": "14",
            "status": 1,
            "waste": "carta",
            "linux_Version": "00000",
            "start_Available": "0000-00-00",
            "end_Available": "0000-00-00",
            "street": "VIA GRONCHI RUBANO (PD)",
            "postal_Code": "00000",
            "province": "00000",
            "city": "00000",
            "country": "00000",
            "status_READY_D75_3_7": true,
            "status_Machine_Blocked": false,
            "codice_GPS": "1213",
            "sheet_Name": "00000",
            "customer_Name": "etra",
            "matricola_Bte": "00000",
            "matricola_Kgn": "241105",
            "ip_Router": "10.20.1.20",
            "note": "00000",
            "gps_x": "45.427916",
            "gps_y": "11.810757",
            "municipility": "RUBANO (PD)",
            "customer": "etra",
            "address": "VIA GRONCHI"
        },
        {
            "id": 15,
            "machine_Name": "15",
            "status": 1,
            "waste": "plastica",
            "linux_Version": "00000",
            "start_Available": "0000-00-00",
            "end_Available": "0000-00-00",
            "street": "VIA GRONCHI RUBANO (PD)",
            "postal_Code": "00000",
            "province": "00000",
            "city": "00000",
            "country": "00000",
            "status_READY_D75_3_7": true,
            "status_Machine_Blocked": false,
            "codice_GPS": "1513",
            "sheet_Name": "00000",
            "customer_Name": "etra",
            "matricola_Bte": "00000",
            "matricola_Kgn": "241108",
            "ip_Router": "10.20.1.30",
            "note": "00000",
            "gps_x": "45.427916",
            "gps_y": "11.810757",
            "municipility": "RUBANO (PD)",
            "customer": "etra",
            "address": "VIA GRONCHI"
        },
        {
            "id": 16,
            "machine_Name": "16",
            "status": 1,
            "waste": "carta",
            "linux_Version": "00000",
            "start_Available": "0000-00-00",
            "end_Available": "0000-00-00",
            "street": "VIALE BRENTA RUBANO (PD)",
            "postal_Code": "00000",
            "province": "00000",
            "city": "00000",
            "country": "00000",
            "status_READY_D75_3_7": true,
            "status_Machine_Blocked": false,
            "codice_GPS": "1206",
            "sheet_Name": "00001",
            "customer_Name": "etra",
            "matricola_Bte": "00000",
            "matricola_Kgn": "241022",
            "ip_Router": "10.20.1.21",
            "note": "00000",
            "gps_x": "45.425185",
            "gps_y": "11.817853",
            "municipility": "RUBANO (PD)",
            "customer": "etra",
            "address": "VIALE BRENTA"
        },
        {
            "id": 17,
            "machine_Name": "17",
            "status": 1,
            "waste": "secco",
            "linux_Version": "00000",
            "start_Available": "0000-00-00",
            "end_Available": "0000-00-00",
            "street": "VIALE BRENTA RUBANO (PD)",
            "postal_Code": "00000",
            "province": "00000",
            "city": "00000",
            "country": "00000",
            "status_READY_D75_3_7": true,
            "status_Machine_Blocked": false,
            "codice_GPS": "1306",
            "sheet_Name": "00000",
            "customer_Name": "etra",
            "matricola_Bte": "00000",
            "matricola_Kgn": "241025",
            "ip_Router": "10.20.1.16",
            "note": "00000",
            "gps_x": "45.425185",
            "gps_y": "11.817853",
            "municipility": "RUBANO (PD)",
            "customer": "etra",
            "address": "VIALE BRENTA"
        },
        {
            "id": 18,
            "machine_Name": "18",
            "status": 1,
            "waste": "plastica",
            "linux_Version": "00000",
            "start_Available": "0000-00-00",
            "end_Available": "0000-00-00",
            "street": "ST. S.VIGILIO VALLELAGHI (TN)",
            "postal_Code": "00000",
            "province": "00000",
            "city": "00000",
            "country": "00000",
            "status_READY_D75_3_7": true,
            "status_Machine_Blocked": false,
            "codice_GPS": "88503",
            "sheet_Name": "00000",
            "customer_Name": "asia",
            "matricola_Bte": "00000",
            "matricola_Kgn": "240720",
            "ip_Router": "10.20.1.15",
            "note": "00000",
            "gps_x": "46.064386",
            "gps_y": "10.940783",
            "municipility": "VALLELAGHI (TN)",
            "customer": "asia",
            "address": "ST. S.VIGILIO"
        },
        {
            "id": 19,
            "machine_Name": "19",
            "status": 1,
            "waste": "carta",
            "linux_Version": "00000",
            "start_Available": "0000-00-00",
            "end_Available": "0000-00-00",
            "street": "PIAZZALE LAGGIO DI CADORE VIGO DI CADORE",
            "postal_Code": "00000",
            "province": "00000",
            "city": "00000",
            "country": "00000",
            "status_READY_D75_3_7": true,
            "status_Machine_Blocked": false,
            "codice_GPS": "66207",
            "sheet_Name": "00000",
            "customer_Name": "ecomont",
            "matricola_Bte": "00000",
            "matricola_Kgn": "240605",
            "ip_Router": "10.20.1.28",
            "note": "00000",
            "gps_x": "46.496896",
            "gps_y": "12.478463",
            "municipility": "VIGO DI CADORE ",
            "customer": "ecomont",
            "address": "PIAZZALE LAGGIO DI CADORE"
        },
        {
            "id": 2,
            "machine_Name": "2",
            "status": 1,
            "waste": "carta",
            "linux_Version": "00000",
            "start_Available": "0000-00-00",
            "end_Available": "0000-00-00",
            "street": "VIA SARDEGNA BASSANO DEL GRA",
            "postal_Code": "00000",
            "province": "00000",
            "city": "00000",
            "country": "00000",
            "status_READY_D75_3_7": true,
            "status_Machine_Blocked": false,
            "codice_GPS": "14201",
            "sheet_Name": "00000",
            "customer_Name": "etra",
            "matricola_Bte": "00000",
            "matricola_Kgn": "00000",
            "ip_Router": "10.20.1.40",
            "note": "00000",
            "gps_x": "45.760499",
            "gps_y": "11.714594",
            "municipility": "BASSANO DEL GRA",
            "customer": "etra",
            "address": "VIA SARDEGNA"
        },
        {
            "id": 20,
            "machine_Name": "20",
            "status": 1,
            "waste": "carta",
            "linux_Version": "00000",
            "start_Available": "0000-00-00",
            "end_Available": "0000-00-00",
            "street": "VIA VALGRANDE PADOLA-COMELICO",
            "postal_Code": "00000",
            "province": "00000",
            "city": "00000",
            "country": "00000",
            "status_READY_D75_3_7": true,
            "status_Machine_Blocked": false,
            "codice_GPS": "66206",
            "sheet_Name": "00000",
            "customer_Name": "ecomont",
            "matricola_Bte": "00000",
            "matricola_Kgn": "241201",
            "ip_Router": "10.20.1.34",
            "note": "00000",
            "gps_x": "46.614847",
            "gps_y": "12.47504",
            "municipility": "PADOLA-COMELICO",
            "customer": "ecomont",
            "address": "VIA VALGRANDE"
        },
        {
            "id": 21,
            "machine_Name": "21",
            "status": 1,
            "waste": "secco",
            "linux_Version": "00000",
            "start_Available": "2022-01-01",
            "end_Available": "2022-01-01",
            "street": "PIAZZALE LAGGIO DI CADORE VIGO DI CADORE",
            "postal_Code": "00000",
            "province": "00000",
            "city": "00000",
            "country": "00000",
            "status_READY_D75_3_7": true,
            "status_Machine_Blocked": false,
            "codice_GPS": "66307",
            "sheet_Name": "00000",
            "customer_Name": "ecomont",
            "matricola_Bte": "00000",
            "matricola_Kgn": "240727",
            "ip_Router": "10.20.1.22",
            "note": "00000",
            "gps_x": "46.496896",
            "gps_y": "12.478463",
            "municipility": "VIGO DI CADORE ",
            "customer": "ecomont",
            "address": "PIAZZALE LAGGIO DI CADORE"
        },
        {
            "id": 22,
            "machine_Name": "22",
            "status": 1,
            "waste": "Carta",
            "linux_Version": "00000",
            "start_Available": "0000-00-00",
            "end_Available": "0000-00-00",
            "street": "Via Valgrande Padola-Comelico",
            "postal_Code": "00000",
            "province": "00000",
            "city": "00000",
            "country": "00000",
            "status_READY_D75_3_7": true,
            "status_Machine_Blocked": false,
            "codice_GPS": "0000",
            "sheet_Name": "00000",
            "customer_Name": "etra",
            "matricola_Bte": "00000",
            "matricola_Kgn": "00000",
            "ip_Router": "10.20.1.44",
            "note": "00000",
            "gps_x": "",
            "gps_y": "",
            "municipility": "",
            "customer": "",
            "address": ""
        },
        {
            "id": 23,
            "machine_Name": "23",
            "status": 1,
            "waste": "plastica",
            "linux_Version": "00000",
            "start_Available": "2019-01-01",
            "end_Available": "2019-01-01",
            "street": "VIA VENETO CITTADELLA (PD)",
            "postal_Code": "00000",
            "province": "00000",
            "city": "00000",
            "country": "00000",
            "status_READY_D75_3_7": true,
            "status_Machine_Blocked": false,
            "codice_GPS": "28501",
            "sheet_Name": "00000",
            "customer_Name": "etra",
            "matricola_Bte": "00000",
            "matricola_Kgn": "241111",
            "ip_Router": "10.20.1.45",
            "note": "00000",
            "gps_x": "45.640327",
            "gps_y": "11.802015",
            "municipility": "CITTADELLA (PD)",
            "customer": "etra",
            "address": "VIA VENETO"
        },
        {
            "id": 24,
            "machine_Name": "24",
            "status": 1,
            "waste": "secco",
            "linux_Version": "00000",
            "start_Available": "2019-01-01",
            "end_Available": "2019-01-01",
            "street": "VIA VENETO CITTADELLA (PD)",
            "postal_Code": "00000",
            "province": "00000",
            "city": "00000",
            "country": "00000",
            "status_READY_D75_3_7": true,
            "status_Machine_Blocked": false,
            "codice_GPS": "28301",
            "sheet_Name": "00000",
            "customer_Name": "etra",
            "matricola_Bte": "00000",
            "matricola_Kgn": "240604",
            "ip_Router": "10.20.1.46",
            "note": "00000",
            "gps_x": "45.640327",
            "gps_y": "11.802015",
            "municipility": "CITTADELLA (PD)",
            "customer": "etra",
            "address": "VIA VENETO"
        },
        {
            "id": 25,
            "machine_Name": "25",
            "status": 1,
            "waste": "plastica",
            "linux_Version": "00000",
            "start_Available": "0000-00-00",
            "end_Available": "0000-00-00",
            "street": "VIA LEOPARDI CADONEGHE (PD)",
            "postal_Code": "00000",
            "province": "00000",
            "city": "00000",
            "country": "00000",
            "status_READY_D75_3_7": true,
            "status_Machine_Blocked": false,
            "codice_GPS": "2521",
            "sheet_Name": "00000",
            "customer_Name": "etra",
            "matricola_Bte": "00000",
            "matricola_Kgn": "240724",
            "ip_Router": "10.20.1.33",
            "note": "00000",
            "gps_x": "45.451443",
            "gps_y": "11.908563",
            "municipility": "CADONEGHE (PD)",
            "customer": "etra",
            "address": "VIA LEOPARDI"
        },
        {
            "id": 26,
            "machine_Name": "26",
            "status": 1,
            "waste": "carta",
            "linux_Version": "00000",
            "start_Available": "0000-00-00",
            "end_Available": "0000-00-00",
            "street": "VIA LEOPARDI CADONEGHE (PD)",
            "postal_Code": "00000",
            "province": "00000",
            "city": "00000",
            "country": "00000",
            "status_READY_D75_3_7": true,
            "status_Machine_Blocked": false,
            "codice_GPS": "2221",
            "sheet_Name": "00000",
            "customer_Name": "etra",
            "matricola_Bte": "00000",
            "matricola_Kgn": "240723",
            "ip_Router": "10.20.1.38",
            "note": "00000",
            "gps_x": "45.451443",
            "gps_y": "11.908563",
            "municipility": "CADONEGHE (PD)",
            "customer": "etra",
            "address": "VIA LEOPARDI"
        },
        {
            "id": 27,
            "machine_Name": "27",
            "status": 1,
            "waste": "secco",
            "linux_Version": "00000",
            "start_Available": "0000-00-00",
            "end_Available": "0000-00-00",
            "street": "VIA LEOPARDI CADONEGHE (PD)",
            "postal_Code": "00000",
            "province": "00000",
            "city": "00000",
            "country": "00000",
            "status_READY_D75_3_7": true,
            "status_Machine_Blocked": false,
            "codice_GPS": "2321",
            "sheet_Name": "00000",
            "customer_Name": "etra",
            "matricola_Bte": "00000",
            "matricola_Kgn": "240607",
            "ip_Router": "10.20.1.43",
            "note": "00000",
            "gps_x": "45.451443",
            "gps_y": "11.908563",
            "municipility": "CADONEGHE (PD)",
            "customer": "etra",
            "address": "VIA LEOPARDI"
        },
        {
            "id": 28,
            "machine_Name": "28",
            "status": 1,
            "waste": "vpl",
            "linux_Version": "00000",
            "start_Available": "2019-11-11",
            "end_Available": "2019-11-11",
            "street": "PIAZZALE LAGGIO DI CADORE VIGO DI CADORE",
            "postal_Code": "00000",
            "province": "00000",
            "city": "00000",
            "country": "00000",
            "status_READY_D75_3_7": true,
            "status_Machine_Blocked": false,
            "codice_GPS": "66607",
            "sheet_Name": "00000",
            "customer_Name": "ecomont",
            "matricola_Bte": "00000",
            "matricola_Kgn": "00000",
            "ip_Router": "10.20.1.26",
            "note": "00000",
            "gps_x": "46.496896",
            "gps_y": "12.478463",
            "municipility": "VIGO DI CADORE ",
            "customer": "ecomont",
            "address": "PIAZZALE LAGGIO DI CADORE"
        },
        {
            "id": 29,
            "machine_Name": "29",
            "status": 1,
            "waste": "carta",
            "linux_Version": "00000",
            "start_Available": "0000-00-00",
            "end_Available": "0000-00-00",
            "street": "VIA VENETO CITTADELLA (PD)",
            "postal_Code": "00000",
            "province": "00000",
            "city": "00000",
            "country": "00000",
            "status_READY_D75_3_7": true,
            "status_Machine_Blocked": false,
            "codice_GPS": "28201",
            "sheet_Name": "00000",
            "customer_Name": "etra",
            "matricola_Bte": "00000",
            "matricola_Kgn": "00000",
            "ip_Router": "10.20.1.47",
            "note": "00000",
            "gps_x": "45.640327",
            "gps_y": "11.802015",
            "municipility": "CITTADELLA (PD)",
            "customer": "etra",
            "address": "VIA VENETO"
        },
        {
            "id": 3,
            "machine_Name": "3",
            "status": 1,
            "waste": "carta",
            "linux_Version": "00000",
            "start_Available": "0000-00-00",
            "end_Available": "0000-00-00",
            "street": "VIA PUCCINI CAMPODARSEGO (P",
            "postal_Code": "00000",
            "province": "00000",
            "city": "00000",
            "country": "00000",
            "status_READY_D75_3_7": true,
            "status_Machine_Blocked": false,
            "codice_GPS": "23203",
            "sheet_Name": "00000",
            "customer_Name": "etra",
            "matricola_Bte": "00000",
            "matricola_Kgn": "240206",
            "ip_Router": "10.20.1.25",
            "note": "00000",
            "gps_x": "45.506128",
            "gps_y": "11.909253",
            "municipility": "CAMPODARSEGO (P",
            "customer": "etra",
            "address": "VIA PUCCINI"
        },
        {
            "id": 30,
            "machine_Name": "30",
            "status": 1,
            "waste": "Vpl",
            "linux_Version": "00000",
            "start_Available": "0000-00-00",
            "end_Available": "0000-00-00",
            "street": "Vigo di Cadore Piazzale Laggio di Cadore",
            "postal_Code": "00000",
            "province": "00000",
            "city": "00000",
            "country": "00000",
            "status_READY_D75_3_7": true,
            "status_Machine_Blocked": false,
            "codice_GPS": "0000",
            "sheet_Name": "Sheet",
            "customer_Name": "kgn",
            "matricola_Bte": "00000",
            "matricola_Kgn": "00000",
            "ip_Router": "10.20.1.48",
            "note": "-----",
            "gps_x": "",
            "gps_y": "",
            "municipility": "",
            "customer": "",
            "address": ""
        },
        {
            "id": 31,
            "machine_Name": "31",
            "status": 1,
            "waste": "secco",
            "linux_Version": "00000",
            "start_Available": "0000-00-00",
            "end_Available": "0000-00-00",
            "street": "VIA G.COGO BASSANO DEL GRA",
            "postal_Code": "00000",
            "province": "00000",
            "city": "00000",
            "country": "00000",
            "status_READY_D75_3_7": true,
            "status_Machine_Blocked": false,
            "codice_GPS": "14304",
            "sheet_Name": "Sheet",
            "customer_Name": "etra",
            "matricola_Bte": "00000",
            "matricola_Kgn": "240606",
            "ip_Router": "10.20.1.61",
            "note": "-----",
            "gps_x": "45.777345",
            "gps_y": "11.749509",
            "municipility": "BASSANO DEL GRA",
            "customer": "etra",
            "address": "VIA G.COGO"
        },
        {
            "id": 32,
            "machine_Name": "32",
            "status": 1,
            "waste": "carta",
            "linux_Version": "00000",
            "start_Available": "2019-11-11",
            "end_Available": "2019-11-11",
            "street": "VIA G.COGO BASSANO DEL GRA",
            "postal_Code": "00000",
            "province": "00000",
            "city": "00000",
            "country": "00000",
            "status_READY_D75_3_7": true,
            "status_Machine_Blocked": false,
            "codice_GPS": "14204",
            "sheet_Name": "Sheet",
            "customer_Name": "etra",
            "matricola_Bte": "00000",
            "matricola_Kgn": "240609",
            "ip_Router": "10.20.1.62",
            "note": "-----",
            "gps_x": "45.777345",
            "gps_y": "11.749509",
            "municipility": "BASSANO DEL GRA",
            "customer": "etra",
            "address": "VIA G.COGO"
        },
        {
            "id": 33,
            "machine_Name": "33",
            "status": 1,
            "waste": "plastica",
            "linux_Version": "00000",
            "start_Available": "0000-00-00",
            "end_Available": "0000-00-00",
            "street": "VIA G.COGO BASSANO DEL GRA",
            "postal_Code": "00000",
            "province": "00000",
            "city": "00000",
            "country": "00000",
            "status_READY_D75_3_7": true,
            "status_Machine_Blocked": false,
            "codice_GPS": "14504",
            "sheet_Name": "Sheet",
            "customer_Name": "etra",
            "matricola_Bte": "00000",
            "matricola_Kgn": "240603",
            "ip_Router": "10.20.1.63",
            "note": "-----",
            "gps_x": "45.777345",
            "gps_y": "11.749509",
            "municipility": "BASSANO DEL GRA",
            "customer": "etra",
            "address": "VIA G.COGO"
        },
        {
            "id": 34,
            "machine_Name": "34",
            "status": 0,
            "waste": "secco",
            "linux_Version": "v0",
            "start_Available": "2025-02-26",
            "end_Available": "2025-02-26",
            "street": "VIA XXV APRILE BASSANO DEL GRA",
            "postal_Code": "00000",
            "province": "Bassano",
            "city": "Bassano",
            "country": "Italy",
            "status_READY_D75_3_7": true,
            "status_Machine_Blocked": false,
            "codice_GPS": "14305",
            "sheet_Name": "Sheet",
            "customer_Name": "etra",
            "matricola_Bte": "00000",
            "matricola_Kgn": "240601",
            "ip_Router": "10.20.1.64",
            "note": "-----",
            "gps_x": "45.768605",
            "gps_y": "11.712311",
            "municipility": "BASSANO DEL GRA",
            "customer": "etra",
            "address": "VIA XXV APRILE"
        },
        {
            "id": 35,
            "machine_Name": "35",
            "status": 0,
            "waste": "carta",
            "linux_Version": "v0",
            "start_Available": "2025-02-26",
            "end_Available": "2025-02-26",
            "street": "VIA XXV APRILE BASSANO DEL GRA",
            "postal_Code": "00000",
            "province": "Bassano",
            "city": "Bassano",
            "country": "Italy",
            "status_READY_D75_3_7": true,
            "status_Machine_Blocked": false,
            "codice_GPS": "14205",
            "sheet_Name": "Sheet",
            "customer_Name": "etra",
            "matricola_Bte": "00000",
            "matricola_Kgn": "240608",
            "ip_Router": "10.20.1.65",
            "note": "-----",
            "gps_x": "45.768605",
            "gps_y": "11.712311",
            "municipility": "BASSANO DEL GRA",
            "customer": "etra",
            "address": "VIA XXV APRILE"
        },
        {
            "id": 36,
            "machine_Name": "36",
            "status": 0,
            "waste": "plastica",
            "linux_Version": "v0",
            "start_Available": "2025-02-26",
            "end_Available": "2025-02-26",
            "street": "VIA XXV APRILE BASSANO DEL GRA",
            "postal_Code": "00000",
            "province": "Bassano",
            "city": "Vicenza",
            "country": "Italy",
            "status_READY_D75_3_7": true,
            "status_Machine_Blocked": false,
            "codice_GPS": "14505",
            "sheet_Name": "Sheet",
            "customer_Name": "etra",
            "matricola_Bte": "00000",
            "matricola_Kgn": "00000",
            "ip_Router": "10.20.1.66",
            "note": "-----",
            "gps_x": "45.768605",
            "gps_y": "11.712311",
            "municipility": "BASSANO DEL GRA",
            "customer": "etra",
            "address": "VIA XXV APRILE"
        },
        {
            "id": 37,
            "machine_Name": "37",
            "status": 0,
            "waste": "Secco",
            "linux_Version": "v0",
            "start_Available": "2025-02-26",
            "end_Available": "2025-02-26",
            "street": "test street",
            "postal_Code": "00000",
            "province": "Bassano",
            "city": "Bassano",
            "country": "Italy",
            "status_READY_D75_3_7": true,
            "status_Machine_Blocked": true,
            "codice_GPS": "99516",
            "sheet_Name": "Sheet",
            "customer_Name": "ambiente",
            "matricola_Bte": "25P0025",
            "matricola_Kgn": "250308",
            "ip_Router": "10.20.2.1",
            "note": "---",
            "gps_x": "45.653763",
            "gps_y": "11.563415",
            "municipility": "KGN TEST",
            "customer": "kgn",
            "address": "VIA KGN TEST"
        },
        {
            "id": 38,
            "machine_Name": "38",
            "status": 0,
            "waste": "-----",
            "linux_Version": "v0",
            "start_Available": "2025-02-26",
            "end_Available": "2025-02-26",
            "street": "---------",
            "postal_Code": "00000",
            "province": "-----",
            "city": "-----",
            "country": "-----",
            "status_READY_D75_3_7": false,
            "status_Machine_Blocked": true,
            "codice_GPS": "0000",
            "sheet_Name": "Sheet",
            "customer_Name": "geovest",
            "matricola_Bte": "24P0660",
            "matricola_Kgn": "250301",
            "ip_Router": "10.20.2.2",
            "note": "---",
            "gps_x": "",
            "gps_y": "",
            "municipility": "",
            "customer": "",
            "address": ""
        },
        {
            "id": 39,
            "machine_Name": "39",
            "status": 0,
            "waste": "Plastica",
            "linux_Version": "v0",
            "start_Available": "2025-02-26",
            "end_Available": "2025-02-26",
            "street": "via XXV aprile",
            "postal_Code": "00000",
            "province": "Bassano",
            "city": "Bassano",
            "country": "Italy",
            "status_READY_D75_3_7": true,
            "status_Machine_Blocked": true,
            "codice_GPS": "90510",
            "sheet_Name": "Sheet",
            "customer_Name": "geovest",
            "matricola_Bte": "24P0659",
            "matricola_Kgn": "250302",
            "ip_Router": "10.20.2.3",
            "note": "---",
            "gps_x": "44.769653",
            "gps_y": "11.254831",
            "municipility": "CREVALCORE (BO)",
            "customer": "geovest",
            "address": "VIA UGO LA MALFA"
        },
        {
            "id": 4,
            "machine_Name": "4",
            "status": 1,
            "waste": "carta",
            "linux_Version": "00000",
            "start_Available": "0000-00-00",
            "end_Available": "0000-00-00",
            "street": "ST. S.VIGILIO VALLELAGHI (TN)",
            "postal_Code": "00000",
            "province": "00000",
            "city": "00000",
            "country": "00000",
            "status_READY_D75_3_7": true,
            "status_Machine_Blocked": false,
            "codice_GPS": "88203",
            "sheet_Name": "00000",
            "customer_Name": "asia",
            "matricola_Bte": "00000",
            "matricola_Kgn": "240721",
            "ip_Router": "10.20.1.12",
            "note": "00000",
            "gps_x": "46.064386",
            "gps_y": "10.940783",
            "municipility": "VALLELAGHI (TN)",
            "customer": "asia",
            "address": "ST. S.VIGILIO"
        },
        {
            "id": 40,
            "machine_Name": "40",
            "status": 0,
            "waste": "carta",
            "linux_Version": "v0",
            "start_Available": "2025-02-26",
            "end_Available": "2025-02-26",
            "street": "VIA 11 SETTEMBRE CALDERARA (BO)",
            "postal_Code": "00000",
            "province": "Bassano",
            "city": "Pescara",
            "country": "Italy",
            "status_READY_D75_3_7": true,
            "status_Machine_Blocked": false,
            "codice_GPS": "90205",
            "sheet_Name": "Sheet",
            "customer_Name": "geovest",
            "matricola_Bte": "24P0653",
            "matricola_Kgn": "250304",
            "ip_Router": "10.20.2.4",
            "note": "---",
            "gps_x": "44.560245",
            "gps_y": "11.26666",
            "municipility": "CALDERARA (BO)",
            "customer": "geovest",
            "address": "VIA 11 SETTEMBRE"
        },
        {
            "id": 41,
            "machine_Name": "41",
            "status": 0,
            "waste": "carta",
            "linux_Version": "v0",
            "start_Available": "2025-02-26",
            "end_Available": "2025-02-26",
            "street": "VIA P.P. PASOLINI PESCARA (PE)",
            "postal_Code": "00000",
            "province": "test-province",
            "city": "test-city",
            "country": "Italy",
            "status_READY_D75_3_7": false,
            "status_Machine_Blocked": true,
            "codice_GPS": "61202",
            "sheet_Name": "Sheet",
            "customer_Name": "ambiente",
            "matricola_Bte": "25P0022",
            "matricola_Kgn": "250310",
            "ip_Router": "10.20.2.5",
            "note": "---",
            "gps_x": "42.4918131",
            "gps_y": "14.1825398",
            "municipility": "PESCARA (PE)",
            "customer": "ambiente",
            "address": "VIA P.P. PASOLINI"
        },
        {
            "id": 42,
            "machine_Name": "42",
            "status": 0,
            "waste": "multimateriale",
            "linux_Version": "v0",
            "start_Available": "2025-02-26",
            "end_Available": "2025-02-26",
            "street": "VIA P.P. PASOLINI PESCARA (PE)",
            "postal_Code": "00000",
            "province": "test-province",
            "city": "test-city",
            "country": "Italy",
            "status_READY_D75_3_7": false,
            "status_Machine_Blocked": true,
            "codice_GPS": "61502",
            "sheet_Name": "Sheet",
            "customer_Name": "ambiente",
            "matricola_Bte": "25P0024",
            "matricola_Kgn": "250307",
            "ip_Router": "10.20.2.6",
            "note": "---",
            "gps_x": "42.4918131",
            "gps_y": "14.1825398",
            "municipility": "PESCARA (PE)",
            "customer": "ambiente",
            "address": "VIA P.P. PASOLINI"
        },
        {
            "id": 43,
            "machine_Name": "43",
            "status": 0,
            "waste": "secco",
            "linux_Version": "v0",
            "start_Available": "2025-02-26",
            "end_Available": "2025-02-26",
            "street": "VIA P.P. PASOLINI PESCARA (PE)",
            "postal_Code": "00000",
            "province": "test-province",
            "city": "test-city",
            "country": "Italy",
            "status_READY_D75_3_7": true,
            "status_Machine_Blocked": false,
            "codice_GPS": "61302",
            "sheet_Name": "Sheet",
            "customer_Name": "ambiente",
            "matricola_Bte": "25P0027",
            "matricola_Kgn": "250305",
            "ip_Router": "10.20.2.7",
            "note": "---",
            "gps_x": "42.4918131",
            "gps_y": "14.1825398",
            "municipility": "PESCARA (PE)",
            "customer": "ambiente",
            "address": "VIA P.P. PASOLINI"
        },
        {
            "id": 44,
            "machine_Name": "44",
            "status": 0,
            "waste": "plastica",
            "linux_Version": "v0",
            "start_Available": "2025-02-26",
            "end_Available": "2025-02-26",
            "street": "VIA 11 SETTEMBRE CALDERARA (BO)",
            "postal_Code": "00000",
            "province": "Bassano",
            "city": "Pescara",
            "country": "Italy",
            "status_READY_D75_3_7": true,
            "status_Machine_Blocked": false,
            "codice_GPS": "90505",
            "sheet_Name": "Sheet",
            "customer_Name": "geovest",
            "matricola_Bte": "24P0654",
            "matricola_Kgn": "250303",
            "ip_Router": "10.20.2.8",
            "note": "---",
            "gps_x": "44.560245",
            "gps_y": "11.26666",
            "municipility": "CALDERARA (BO)",
            "customer": "geovest",
            "address": "VIA 11 SETTEMBRE"
        },
        {
            "id": 45,
            "machine_Name": "45",
            "status": 0,
            "waste": "secco",
            "linux_Version": "v0",
            "start_Available": "2025-02-26",
            "end_Available": "2025-02-26",
            "street": "VIA P.P. PASOLINI PESCARA (PE)",
            "postal_Code": "00000",
            "province": "Bassano",
            "city": "Pescara",
            "country": "Italy",
            "status_READY_D75_3_7": false,
            "status_Machine_Blocked": true,
            "codice_GPS": "61302",
            "sheet_Name": "Sheet",
            "customer_Name": "ambiente",
            "matricola_Bte": "25P0026",
            "matricola_Kgn": "250306",
            "ip_Router": "10.20.2.9",
            "note": "---",
            "gps_x": "42.4918131",
            "gps_y": "14.1825398",
            "municipility": "PESCARA (PE)",
            "customer": "ambiente",
            "address": "VIA P.P. PASOLINI"
        },
        {
            "id": 46,
            "machine_Name": "46",
            "status": 0,
            "waste": "Secco",
            "linux_Version": "v0",
            "start_Available": "2025-02-26",
            "end_Available": "2025-02-26",
            "street": "test street",
            "postal_Code": "00000",
            "province": "Bassano",
            "city": "Pescara",
            "country": "Italy",
            "status_READY_D75_3_7": false,
            "status_Machine_Blocked": true,
            "codice_GPS": "2213",
            "sheet_Name": "Sheet",
            "customer_Name": "ambiente",
            "matricola_Bte": "25P0023",
            "matricola_Kgn": "250309",
            "ip_Router": "10.20.2.10",
            "note": "---",
            "gps_x": "45.440605",
            "gps_y": "11.923271",
            "municipility": "CADONEGHE (PD)",
            "customer": "etra",
            "address": "VIA RIGOTTI"
        },
        {
            "id": 47,
            "machine_Name": "47",
            "status": 0,
            "waste": "carta",
            "linux_Version": "v0",
            "start_Available": "2025-02-26",
            "end_Available": "2025-02-26",
            "street": "VIA SAN MAURO MONTEGROTTO TER",
            "postal_Code": "00000",
            "province": "test-province",
            "city": "test-city",
            "country": "Italy",
            "status_READY_D75_3_7": true,
            "status_Machine_Blocked": false,
            "codice_GPS": "31201",
            "sheet_Name": "Sheet",
            "customer_Name": "etra",
            "matricola_Bte": "00000",
            "matricola_Kgn": "00000",
            "ip_Router": "10.20.1.51",
            "note": "---",
            "gps_x": "45.327259",
            "gps_y": "11.791393",
            "municipility": "MONTEGROTTO TER",
            "customer": "etra",
            "address": "VIA SAN MAURO"
        },
        {
            "id": 48,
            "machine_Name": "48",
            "status": 0,
            "waste": "plastica",
            "linux_Version": "v0",
            "start_Available": "2025-02-26",
            "end_Available": "2025-02-26",
            "street": "VIA IV NOVEMBRE SOLAGNA (VI)",
            "postal_Code": "00000",
            "province": "Bassano",
            "city": "Pescara",
            "country": "Italy",
            "status_READY_D75_3_7": true,
            "status_Machine_Blocked": false,
            "codice_GPS": "30501",
            "sheet_Name": "Sheet",
            "customer_Name": "etra",
            "matricola_Bte": "00000",
            "matricola_Kgn": "00000",
            "ip_Router": "10.20.1.52",
            "note": "---",
            "gps_x": "45.81724",
            "gps_y": "11.719345",
            "municipility": "SOLAGNA (VI)",
            "customer": "etra",
            "address": "VIA IV NOVEMBRE"
        },
        {
            "id": 49,
            "machine_Name": "49",
            "status": 0,
            "waste": "secco",
            "linux_Version": "v0",
            "start_Available": "2025-02-26",
            "end_Available": "2025-02-26",
            "street": "VIA IV NOVEMBRE SOLAGNA (VI)",
            "postal_Code": "00000",
            "province": "Bassano",
            "city": "Pescara",
            "country": "Italy",
            "status_READY_D75_3_7": true,
            "status_Machine_Blocked": false,
            "codice_GPS": "30301",
            "sheet_Name": "Sheet",
            "customer_Name": "etra",
            "matricola_Bte": "00000",
            "matricola_Kgn": "00000",
            "ip_Router": "10.20.1.50",
            "note": "---",
            "gps_x": "45.81724",
            "gps_y": "11.719345",
            "municipility": "SOLAGNA (VI)",
            "customer": "etra",
            "address": "VIA IV NOVEMBRE"
        },
        {
            "id": 5,
            "machine_Name": "5",
            "status": 1,
            "waste": "plastica",
            "linux_Version": "00000",
            "start_Available": "0000-00-00",
            "end_Available": "0000-00-00",
            "street": "VIA PUCCINI CAMPODARSEGO (P",
            "postal_Code": "00000",
            "province": "00000",
            "city": "00000",
            "country": "00000",
            "status_READY_D75_3_7": true,
            "status_Machine_Blocked": false,
            "codice_GPS": "23503",
            "sheet_Name": "00000",
            "customer_Name": "etra",
            "matricola_Bte": "00000",
            "matricola_Kgn": "240726",
            "ip_Router": "10.20.1.41",
            "note": "00000",
            "gps_x": "45.506128",
            "gps_y": "11.909253",
            "municipility": "CAMPODARSEGO (P",
            "customer": "etra",
            "address": "VIA PUCCINI"
        },
        {
            "id": 50,
            "machine_Name": "50",
            "status": 0,
            "waste": "Carta",
            "linux_Version": "v0",
            "start_Available": "2025-02-26",
            "end_Available": "2025-02-26",
            "street": "via San Mauro Montegrotto",
            "postal_Code": "00000",
            "province": "PD",
            "city": "Montegrotto",
            "country": "Italy",
            "status_READY_D75_3_7": true,
            "status_Machine_Blocked": true,
            "codice_GPS": "90210",
            "sheet_Name": "Sheet",
            "customer_Name": "geovest",
            "matricola_Bte": "24P0614",
            "matricola_Kgn": "250311",
            "ip_Router": "10.20.2.11",
            "note": "---",
            "gps_x": "44.769653",
            "gps_y": "11.254831",
            "municipility": "CREVALCORE (BO)",
            "customer": "geovest",
            "address": "VIA UGO LA MALFA"
        },
        {
            "id": 51,
            "machine_Name": "51",
            "status": 0,
            "waste": "plastica",
            "linux_Version": "v0",
            "start_Available": "2025-02-26",
            "end_Available": "2025-02-26",
            "street": "VIA CADUTI DI VIA FANI CREVALCORE (BO)",
            "postal_Code": "00000",
            "province": "Bassano",
            "city": "Solagna",
            "country": "Italy",
            "status_READY_D75_3_7": true,
            "status_Machine_Blocked": false,
            "codice_GPS": "90509",
            "sheet_Name": "Sheet",
            "customer_Name": "geovest",
            "matricola_Bte": "24P0612",
            "matricola_Kgn": "250313",
            "ip_Router": "10.20.2.12",
            "note": "---",
            "gps_x": "44.713759",
            "gps_y": "11.152377",
            "municipility": "CREVALCORE (BO)",
            "customer": "geovest",
            "address": "VIA CADUTI DI VIA FANI"
        },
        {
            "id": 52,
            "machine_Name": "52",
            "status": 0,
            "waste": "indifferenziato",
            "linux_Version": "v0",
            "start_Available": "2025-02-26",
            "end_Available": "2025-02-26",
            "street": "VIA 11 SETTEMBRE CALDERARA (BO)",
            "postal_Code": "00000",
            "province": "Bassano",
            "city": "Pescara",
            "country": "Italy",
            "status_READY_D75_3_7": true,
            "status_Machine_Blocked": false,
            "codice_GPS": "90305",
            "sheet_Name": "Sheet",
            "customer_Name": "geovest",
            "matricola_Bte": "24P0030",
            "matricola_Kgn": "230312",
            "ip_Router": "10.20.2.13",
            "note": "---",
            "gps_x": "44.560245",
            "gps_y": "11.26666",
            "municipility": "CALDERARA (BO)",
            "customer": "geovest",
            "address": "VIA 11 SETTEMBRE"
        },
        {
            "id": 53,
            "machine_Name": "53",
            "status": 0,
            "waste": "Carta",
            "linux_Version": "v0",
            "start_Available": "2025-02-26",
            "end_Available": "2025-02-26",
            "street": "VIA UGO LA MALFA CREVALCORE",
            "postal_Code": "00000",
            "province": "Test-Province",
            "city": "test-city",
            "country": "Italy",
            "status_READY_D75_3_7": false,
            "status_Machine_Blocked": true,
            "codice_GPS": "0000",
            "sheet_Name": "Sheet",
            "customer_Name": "kgn",
            "matricola_Bte": "00000",
            "matricola_Kgn": "00000",
            "ip_Router": "10.20.2.14",
            "note": "---",
            "gps_x": "",
            "gps_y": "",
            "municipility": "",
            "customer": "",
            "address": ""
        },
        {
            "id": 54,
            "machine_Name": "54",
            "status": 0,
            "waste": "carta",
            "linux_Version": "v0",
            "start_Available": "2025-02-26",
            "end_Available": "2025-02-26",
            "street": "VIA CADUTI DI VIA FANI CREVALCORE (BO)",
            "postal_Code": "00000",
            "province": "Test-Province",
            "city": "test-city",
            "country": "Italy",
            "status_READY_D75_3_7": true,
            "status_Machine_Blocked": false,
            "codice_GPS": "90209",
            "sheet_Name": "Sheet",
            "customer_Name": "geovest",
            "matricola_Bte": "25P0035",
            "matricola_Kgn": "250320",
            "ip_Router": "10.20.2.15",
            "note": "---",
            "gps_x": "44.713759",
            "gps_y": "11.152377",
            "municipility": "CREVALCORE (BO)",
            "customer": "geovest",
            "address": "VIA CADUTI DI VIA FANI"
        },
        {
            "id": 55,
            "machine_Name": "55",
            "status": 0,
            "waste": "Indifferenziato",
            "linux_Version": "v0",
            "start_Available": "2025-02-26",
            "end_Available": "2025-02-26",
            "street": "VIA 11 SETTEMBRE CALDERARA",
            "postal_Code": "00000",
            "province": "Test-Province",
            "city": "test-city",
            "country": "Italy",
            "status_READY_D75_3_7": true,
            "status_Machine_Blocked": true,
            "codice_GPS": "0000",
            "sheet_Name": "Sheet",
            "customer_Name": "geovest",
            "matricola_Bte": "24P0658",
            "matricola_Kgn": "250316",
            "ip_Router": "10.20.2.16",
            "note": "---",
            "gps_x": "",
            "gps_y": "",
            "municipility": "",
            "customer": "",
            "address": ""
        },
        {
            "id": 56,
            "machine_Name": "56",
            "status": 0,
            "waste": "Carta-05",
            "linux_Version": "v0",
            "start_Available": "2025-02-26",
            "end_Available": "2025-02-26",
            "street": "Via Street",
            "postal_Code": "00000",
            "province": "Test-Province",
            "city": "test-city",
            "country": "Italy",
            "status_READY_D75_3_7": true,
            "status_Machine_Blocked": true,
            "codice_GPS": "0000",
            "sheet_Name": "Sheet",
            "customer_Name": "geovest",
            "matricola_Bte": "24P0611",
            "matricola_Kgn": "250314",
            "ip_Router": "10.20.2.17",
            "note": "---",
            "gps_x": "",
            "gps_y": "",
            "municipility": "",
            "customer": "",
            "address": ""
        },
        {
            "id": 57,
            "machine_Name": "57",
            "status": 0,
            "waste": "Carta",
            "linux_Version": "v0",
            "start_Available": "2025-02-26",
            "end_Available": "2025-02-26",
            "street": "VIA CADUTI DI VIA FA CREVALCORE",
            "postal_Code": "00000",
            "province": "Test-Province",
            "city": "test-city",
            "country": "Italy",
            "status_READY_D75_3_7": true,
            "status_Machine_Blocked": true,
            "codice_GPS": "0000",
            "sheet_Name": "Sheet",
            "customer_Name": "geovest",
            "matricola_Bte": "24P0661",
            "matricola_Kgn": "250318",
            "ip_Router": "10.20.2.18",
            "note": "---",
            "gps_x": "",
            "gps_y": "",
            "municipility": "",
            "customer": "",
            "address": ""
        },
        {
            "id": 58,
            "machine_Name": "58",
            "status": 0,
            "waste": "Secco",
            "linux_Version": "v0",
            "start_Available": "2025-02-26",
            "end_Available": "2025-02-26",
            "street": "Via Street",
            "postal_Code": "00000",
            "province": "test-province",
            "city": "test-city",
            "country": "Italy",
            "status_READY_D75_3_7": false,
            "status_Machine_Blocked": true,
            "codice_GPS": "0000",
            "sheet_Name": "Sheet",
            "customer_Name": "geovest",
            "matricola_Bte": "24P0617",
            "matricola_Kgn": "250315",
            "ip_Router": "10.20.2.19",
            "note": "---",
            "gps_x": "",
            "gps_y": "",
            "municipility": "",
            "customer": "",
            "address": ""
        },
        {
            "id": 59,
            "machine_Name": "59",
            "status": 0,
            "waste": "Secco",
            "linux_Version": "v0",
            "start_Available": "2025-02-26",
            "end_Available": "2025-02-26",
            "street": "Via Street",
            "postal_Code": "00000",
            "province": "test-province",
            "city": "test-city",
            "country": "Italy",
            "status_READY_D75_3_7": false,
            "status_Machine_Blocked": true,
            "codice_GPS": "0000",
            "sheet_Name": "Sheet",
            "customer_Name": "geovest",
            "matricola_Bte": "25P0032",
            "matricola_Kgn": "250317",
            "ip_Router": "10.20.2.20",
            "note": "---",
            "gps_x": "",
            "gps_y": "",
            "municipility": "",
            "customer": "",
            "address": ""
        },
        {
            "id": 6,
            "machine_Name": "6",
            "status": 1,
            "waste": "Carta",
            "linux_Version": "00000",
            "start_Available": "2025-03-05",
            "end_Available": "2025-03-05",
            "street": "Via La Malfa Cadoneghe",
            "postal_Code": "00000",
            "province": "00000",
            "city": "00000",
            "country": "00000",
            "status_READY_D75_3_7": false,
            "status_Machine_Blocked": true,
            "codice_GPS": "2216",
            "sheet_Name": "00000",
            "customer_Name": "etra",
            "matricola_Bte": "00000",
            "matricola_Kgn": "000003",
            "ip_Router": "10.20.1.49",
            "note": "00000",
            "gps_x": "45.45279",
            "gps_y": "11.900113",
            "municipility": "CADONEGHE (PD)",
            "customer": "etra",
            "address": "VIA LA MALFA"
        },
        {
            "id": 60,
            "machine_Name": "60",
            "status": 0,
            "waste": "indifferenziato",
            "linux_Version": "v0",
            "start_Available": "2025-02-26",
            "end_Available": "2025-02-26",
            "street": "VIA CADUTI DI VIA FANI CREVALCORE (BO)",
            "postal_Code": "00000",
            "province": "test-province",
            "city": "test-city",
            "country": "Italy",
            "status_READY_D75_3_7": true,
            "status_Machine_Blocked": false,
            "codice_GPS": "90309",
            "sheet_Name": "Sheet",
            "customer_Name": "geovest",
            "matricola_Bte": "25P0031",
            "matricola_Kgn": "250321",
            "ip_Router": "10.20.2.23",
            "note": "--",
            "gps_x": "44.713759",
            "gps_y": "11.152377",
            "municipility": "CREVALCORE (BO)",
            "customer": "geovest",
            "address": "VIA CADUTI DI VIA FANI"
        },
        {
            "id": 61,
            "machine_Name": "61",
            "status": 0,
            "waste": "Carta",
            "linux_Version": "v0",
            "start_Available": "2025-02-26",
            "end_Available": "2025-02-26",
            "street": "Via Street",
            "postal_Code": "00000",
            "province": "test-province",
            "city": "test-city",
            "country": "Italy",
            "status_READY_D75_3_7": false,
            "status_Machine_Blocked": true,
            "codice_GPS": "0000",
            "sheet_Name": "Sheet",
            "customer_Name": "geovest",
            "matricola_Bte": "25P0039",
            "matricola_Kgn": "250322",
            "ip_Router": "10.20.2.21",
            "note": "00000",
            "gps_x": "",
            "gps_y": "",
            "municipility": "",
            "customer": "",
            "address": ""
        },
        {
            "id": 62,
            "machine_Name": "62",
            "status": 0,
            "waste": "Carta",
            "linux_Version": "v0",
            "start_Available": "2025-02-26",
            "end_Available": "2025-02-26",
            "street": "Via Street",
            "postal_Code": "00000",
            "province": "test-province",
            "city": "test-city",
            "country": "Italy",
            "status_READY_D75_3_7": false,
            "status_Machine_Blocked": true,
            "codice_GPS": "0000",
            "sheet_Name": "Sheet",
            "customer_Name": "geovest",
            "matricola_Bte": "25P0034",
            "matricola_Kgn": "250319",
            "ip_Router": "10.20.2.22",
            "note": "00000",
            "gps_x": "",
            "gps_y": "",
            "municipility": "",
            "customer": "",
            "address": ""
        },
        {
            "id": 63,
            "machine_Name": "63",
            "status": 0,
            "waste": "secco",
            "linux_Version": "v0",
            "start_Available": "2025-02-26",
            "end_Available": "2025-02-26",
            "street": "VIA TRIESTE RUBANO (PD)",
            "postal_Code": "00000",
            "province": "test-province",
            "city": "test-city",
            "country": "Italy",
            "status_READY_D75_3_7": true,
            "status_Machine_Blocked": false,
            "codice_GPS": "1309",
            "sheet_Name": "Sheet",
            "customer_Name": "etra",
            "matricola_Bte": "23P0523",
            "matricola_Kgn": "241032",
            "ip_Router": "10.20.1.31",
            "note": "00000",
            "gps_x": "45.429848",
            "gps_y": "11.786985",
            "municipility": "RUBANO (PD)",
            "customer": "etra",
            "address": "VIA TRIESTE"
        },
        {
            "id": 64,
            "machine_Name": "64",
            "status": 0,
            "waste": "carta",
            "linux_Version": "v0",
            "start_Available": "2025-02-26",
            "end_Available": "2025-02-26",
            "street": "VIA TRIESTE RUBANO (PD)",
            "postal_Code": "00000",
            "province": "test-province",
            "city": "test-city",
            "country": "Italy",
            "status_READY_D75_3_7": true,
            "status_Machine_Blocked": false,
            "codice_GPS": "1209",
            "sheet_Name": "Sheet",
            "customer_Name": "etra",
            "matricola_Bte": "23P0527",
            "matricola_Kgn": "241028",
            "ip_Router": "10.20.1.32",
            "note": "00000",
            "gps_x": "45.429848",
            "gps_y": "11.786985",
            "municipility": "RUBANO (PD)",
            "customer": "etra",
            "address": "VIA TRIESTE"
        },
        {
            "id": 65,
            "machine_Name": "65",
            "status": 0,
            "waste": "carta",
            "linux_Version": "v0",
            "start_Available": "2025-02-26",
            "end_Available": "2025-02-26",
            "street": "VIA TOSCANA RUBANO (PD)",
            "postal_Code": "00000",
            "province": "test-province",
            "city": "test-city",
            "country": "Italy",
            "status_READY_D75_3_7": true,
            "status_Machine_Blocked": false,
            "codice_GPS": "1217",
            "sheet_Name": "Sheet",
            "customer_Name": "etra",
            "matricola_Bte": "23P0525",
            "matricola_Kgn": "241030",
            "ip_Router": "10.20.1.54",
            "note": "00000",
            "gps_x": "45.426605",
            "gps_y": "11.806892",
            "municipility": "RUBANO (PD)",
            "customer": "etra",
            "address": "VIA TOSCANA"
        },
        {
            "id": 66,
            "machine_Name": "66",
            "status": 0,
            "waste": "secco",
            "linux_Version": "v0",
            "start_Available": "2025-02-26",
            "end_Available": "2025-02-26",
            "street": "VIA SAN MAURO MONTEGROTTO TER",
            "postal_Code": "00000",
            "province": "test-province",
            "city": "test-city",
            "country": "Italy",
            "status_READY_D75_3_7": true,
            "status_Machine_Blocked": false,
            "codice_GPS": "31301",
            "sheet_Name": "Sheet",
            "customer_Name": "etra",
            "matricola_Bte": "00000",
            "matricola_Kgn": "00000",
            "ip_Router": "10.20.1.55",
            "note": "00000",
            "gps_x": "45.327259",
            "gps_y": "11.791393",
            "municipility": "MONTEGROTTO TER",
            "customer": "etra",
            "address": "VIA SAN MAURO"
        },
        {
            "id": 67,
            "machine_Name": "67",
            "status": 0,
            "waste": "secco",
            "linux_Version": "v0",
            "start_Available": "2025-02-26",
            "end_Available": "2025-02-26",
            "street": "VIA TOSCANA RUBANO (PD)",
            "postal_Code": "00000",
            "province": "test-province",
            "city": "test-city",
            "country": "Italy",
            "status_READY_D75_3_7": true,
            "status_Machine_Blocked": false,
            "codice_GPS": "1317",
            "sheet_Name": "Sheet",
            "customer_Name": "etra",
            "matricola_Bte": "241029",
            "matricola_Kgn": "23P0529",
            "ip_Router": "10.20.1.56",
            "note": "00000",
            "gps_x": "45.426605",
            "gps_y": "11.806892",
            "municipility": "RUBANO (PD)",
            "customer": "etra",
            "address": "VIA TOSCANA"
        },
        {
            "id": 68,
            "machine_Name": "68",
            "status": 0,
            "waste": "plastica",
            "linux_Version": "v0",
            "start_Available": "2025-02-26",
            "end_Available": "2025-02-26",
            "street": "VIA TOSCANA RUBANO (PD)",
            "postal_Code": "00000",
            "province": "test-province",
            "city": "test-city",
            "country": "Italy",
            "status_READY_D75_3_7": true,
            "status_Machine_Blocked": false,
            "codice_GPS": "1517",
            "sheet_Name": "Sheet",
            "customer_Name": "etra",
            "matricola_Bte": "241031",
            "matricola_Kgn": "23P0524",
            "ip_Router": "10.20.1.57",
            "note": "00000",
            "gps_x": "45.426605",
            "gps_y": "11.806892",
            "municipility": "RUBANO (PD)",
            "customer": "etra",
            "address": "VIA TOSCANA"
        },
        {
            "id": 69,
            "machine_Name": "69",
            "status": 0,
            "waste": "secco",
            "linux_Version": "v0",
            "start_Available": "2025-02-26",
            "end_Available": "2025-02-26",
            "street": "VIA DANTE RUBANO (PD)",
            "postal_Code": "00000",
            "province": "PD",
            "city": "Montegrotto",
            "country": "Italy",
            "status_READY_D75_3_7": true,
            "status_Machine_Blocked": false,
            "codice_GPS": "1316",
            "sheet_Name": "Sheet",
            "customer_Name": "etra",
            "matricola_Bte": "241023",
            "matricola_Kgn": "23P0520",
            "ip_Router": "10.20.1.60",
            "note": "00000",
            "gps_x": "45.420865",
            "gps_y": "11.805895",
            "municipility": "RUBANO (PD)",
            "customer": "etra",
            "address": "VIA DANTE"
        },
        {
            "id": 7,
            "machine_Name": "7",
            "status": 1,
            "waste": "carta",
            "linux_Version": "00000",
            "start_Available": "0000-00-00",
            "end_Available": "0000-00-00",
            "street": "VIA TICINO SUP RUBANO (PD)",
            "postal_Code": "00000",
            "province": "00000",
            "city": "00000",
            "country": "00000",
            "status_READY_D75_3_7": true,
            "status_Machine_Blocked": false,
            "codice_GPS": "1204",
            "sheet_Name": "00000",
            "customer_Name": "etra",
            "matricola_Bte": "00000",
            "matricola_Kgn": "240725",
            "ip_Router": "10.20.1.6",
            "note": "00000",
            "gps_x": "45.422954",
            "gps_y": "11.813733",
            "municipility": "RUBANO (PD)",
            "customer": "etra",
            "address": "VIA TICINO SUP"
        },
        {
            "id": 70,
            "machine_Name": "70",
            "status": 0,
            "waste": "SECCO",
            "linux_Version": "v0",
            "start_Available": "2025-02-26",
            "end_Available": "2025-02-26",
            "street": "via Toscana Rubano",
            "postal_Code": "00000",
            "province": "test-province",
            "city": "test-city",
            "country": "Italy",
            "status_READY_D75_3_7": true,
            "status_Machine_Blocked": false,
            "codice_GPS": "88205",
            "sheet_Name": "Sheet",
            "customer_Name": "asia",
            "matricola_Bte": "00000",
            "matricola_Kgn": "000000",
            "ip_Router": "10.20.1.13",
            "note": "00000",
            "gps_x": "46.216018",
            "gps_y": "11.087447",
            "municipility": "MEZZOLOMBARDO (",
            "customer": "asia",
            "address": "VIA G.GARIBALDI"
        },
        {
            "id": 71,
            "machine_Name": "71",
            "status": 0,
            "waste": "carta",
            "linux_Version": "v0",
            "start_Available": "2025-02-26",
            "end_Available": "2025-02-26",
            "street": "VIA UGO LA MALFA CREVALCORE (BO)",
            "postal_Code": "00000",
            "province": "test-province",
            "city": "test-city",
            "country": "Italy",
            "status_READY_D75_3_7": true,
            "status_Machine_Blocked": false,
            "codice_GPS": "90210",
            "sheet_Name": "Sheet",
            "customer_Name": "geovest",
            "matricola_Bte": "250402",
            "matricola_Kgn": "23P0030",
            "ip_Router": "10.20.2.24",
            "note": "00000",
            "gps_x": "44.769653",
            "gps_y": "11.254831",
            "municipility": "CREVALCORE (BO)",
            "customer": "geovest",
            "address": "VIA UGO LA MALFA"
        },
        {
            "id": 72,
            "machine_Name": "72",
            "status": 0,
            "waste": "indifferenziato",
            "linux_Version": "v0",
            "start_Available": "2025-02-26",
            "end_Available": "2025-02-26",
            "street": "PIAZZALE PARCO NORD CREVALCORE (BO)",
            "postal_Code": "00000",
            "province": "test-province",
            "city": "test-city",
            "country": "Italy",
            "status_READY_D75_3_7": true,
            "status_Machine_Blocked": false,
            "codice_GPS": "90308",
            "sheet_Name": "Sheet",
            "customer_Name": "geovest",
            "matricola_Bte": "250401",
            "matricola_Kgn": "23P0662",
            "ip_Router": "10.20.2.25",
            "note": "00000",
            "gps_x": "44.72518",
            "gps_y": "11.149618",
            "municipility": "CREVALCORE (BO)",
            "customer": "geovest",
            "address": "PIAZZALE PARCO NORD"
        },
        {
            "id": 73,
            "machine_Name": "73",
            "status": 0,
            "waste": "plastica",
            "linux_Version": "v0",
            "start_Available": "2025-02-26",
            "end_Available": "2025-02-26",
            "street": "PIAZZALE PARCO NORD CREVALCORE (BO)",
            "postal_Code": "00000",
            "province": "test-province",
            "city": "test-city",
            "country": "Italy",
            "status_READY_D75_3_7": true,
            "status_Machine_Blocked": false,
            "codice_GPS": "90508",
            "sheet_Name": "Sheet",
            "customer_Name": "geovest",
            "matricola_Bte": "250403",
            "matricola_Kgn": "23P0036",
            "ip_Router": "10.20.2.26",
            "note": "00000",
            "gps_x": "44.72518",
            "gps_y": "11.149618",
            "municipility": "CREVALCORE (BO)",
            "customer": "geovest",
            "address": "PIAZZALE PARCO NORD"
        },
        {
            "id": 74,
            "machine_Name": "74",
            "status": 0,
            "waste": "Carta",
            "linux_Version": "v0",
            "start_Available": "2025-02-26",
            "end_Available": "2025-02-26",
            "street": "VIA UGO LA MALFA CREVALCORE",
            "postal_Code": "00000",
            "province": "test-province",
            "city": "test-city",
            "country": "Italy",
            "status_READY_D75_3_7": true,
            "status_Machine_Blocked": true,
            "codice_GPS": "0000",
            "sheet_Name": "Sheet",
            "customer_Name": "geovest",
            "matricola_Bte": "25P0167",
            "matricola_Kgn": "250506",
            "ip_Router": "10.20.2.35",
            "note": "00000",
            "gps_x": "",
            "gps_y": "",
            "municipility": "",
            "customer": "",
            "address": ""
        },
        {
            "id": 75,
            "machine_Name": "75",
            "status": 0,
            "waste": "Indifferenziato",
            "linux_Version": "v0",
            "start_Available": "2025-02-26",
            "end_Available": "2025-02-26",
            "street": "PIAZZALE PARCO NORD CREVALCORE",
            "postal_Code": "00000",
            "province": "test-province",
            "city": "test-city",
            "country": "Italy",
            "status_READY_D75_3_7": true,
            "status_Machine_Blocked": false,
            "codice_GPS": "99501",
            "sheet_Name": "Sheet",
            "customer_Name": "geovest",
            "matricola_Bte": "25P0038",
            "matricola_Kgn": "250502",
            "ip_Router": "10.20.2.27",
            "note": "00000",
            "gps_x": "",
            "gps_y": "",
            "municipility": "",
            "customer": "",
            "address": ""
        },
        {
            "id": 76,
            "machine_Name": "76",
            "status": 0,
            "waste": "Plastica",
            "linux_Version": "v0",
            "start_Available": "2025-02-26",
            "end_Available": "2025-02-26",
            "street": "PIAZZALE PARCO NORD CREVALCORE",
            "postal_Code": "00000",
            "province": "test-province",
            "city": "test-city",
            "country": "Italy",
            "status_READY_D75_3_7": true,
            "status_Machine_Blocked": true,
            "codice_GPS": "0000",
            "sheet_Name": "Sheet",
            "customer_Name": "geovest",
            "matricola_Bte": "24P0655",
            "matricola_Kgn": "250405",
            "ip_Router": "10.20.2.28",
            "note": "00000",
            "gps_x": "",
            "gps_y": "",
            "municipility": "",
            "customer": "",
            "address": ""
        },
        {
            "id": 77,
            "machine_Name": "77",
            "status": 0,
            "waste": "Carta",
            "linux_Version": "v0",
            "start_Available": "2025-02-26",
            "end_Available": "2025-02-26",
            "street": "Via test",
            "postal_Code": "00000",
            "province": "test-province",
            "city": "test-city",
            "country": "Italy",
            "status_READY_D75_3_7": false,
            "status_Machine_Blocked": true,
            "codice_GPS": "99301",
            "sheet_Name": "Sheet",
            "customer_Name": "geovest",
            "matricola_Bte": "25P0166",
            "matricola_Kgn": "250505",
            "ip_Router": "10.20.2.29",
            "note": "00000",
            "gps_x": "",
            "gps_y": "",
            "municipility": "",
            "customer": "",
            "address": ""
        },
        {
            "id": 78,
            "machine_Name": "78",
            "status": 0,
            "waste": "Plastica",
            "linux_Version": "v0",
            "start_Available": "2025-02-26",
            "end_Available": "2025-02-26",
            "street": "Via KGN KGN",
            "postal_Code": "00000",
            "province": "test-province",
            "city": "test-city",
            "country": "Italy",
            "status_READY_D75_3_7": true,
            "status_Machine_Blocked": true,
            "codice_GPS": "99201",
            "sheet_Name": "Sheet",
            "customer_Name": "geovest",
            "matricola_Bte": "25P0037",
            "matricola_Kgn": "250503",
            "ip_Router": "10.20.2.30",
            "note": "00000",
            "gps_x": "",
            "gps_y": "",
            "municipility": "",
            "customer": "",
            "address": ""
        },
        {
            "id": 79,
            "machine_Name": "79",
            "status": 0,
            "waste": "Plastica",
            "linux_Version": "v0",
            "start_Available": "2025-02-26",
            "end_Available": "2025-02-26",
            "street": "Via test",
            "postal_Code": "00000",
            "province": "test-province",
            "city": "test-city",
            "country": "Italy",
            "status_READY_D75_3_7": false,
            "status_Machine_Blocked": true,
            "codice_GPS": "0000",
            "sheet_Name": "Sheet",
            "customer_Name": "geovest",
            "matricola_Bte": "24P0656",
            "matricola_Kgn": "250406",
            "ip_Router": "10.20.2.31",
            "note": "00000",
            "gps_x": "",
            "gps_y": "",
            "municipility": "",
            "customer": "",
            "address": ""
        },
        {
            "id": 8,
            "machine_Name": "8",
            "status": 1,
            "waste": "Carta",
            "linux_Version": "00000",
            "start_Available": "0000-00-00",
            "end_Available": "0000-00-00",
            "street": "Via Leopardi",
            "postal_Code": "00000",
            "province": "00000",
            "city": "00000",
            "country": "00000",
            "status_READY_D75_3_7": false,
            "status_Machine_Blocked": false,
            "codice_GPS": "0000",
            "sheet_Name": "00000",
            "customer_Name": "etra",
            "matricola_Bte": "00000",
            "matricola_Kgn": "00000",
            "ip_Router": "10.20.1.37",
            "note": "00000",
            "gps_x": "",
            "gps_y": "",
            "municipility": "",
            "customer": "",
            "address": ""
        },
        {
            "id": 80,
            "machine_Name": "80",
            "status": 0,
            "waste": "Secco",
            "linux_Version": "v0",
            "start_Available": "2025-02-26",
            "end_Available": "2025-02-26",
            "street": "Via KGN ---",
            "postal_Code": "00000",
            "province": "test-province",
            "city": "test-city",
            "country": "Italy",
            "status_READY_D75_3_7": false,
            "status_Machine_Blocked": true,
            "codice_GPS": "99201",
            "sheet_Name": "Sheet",
            "customer_Name": "geovest",
            "matricola_Bte": "24P0657",
            "matricola_Kgn": "250501",
            "ip_Router": "10.20.2.32",
            "note": "00000",
            "gps_x": "",
            "gps_y": "",
            "municipility": "",
            "customer": "",
            "address": ""
        },
        {
            "id": 81,
            "machine_Name": "81",
            "status": 0,
            "waste": "carta",
            "linux_Version": "v0",
            "start_Available": "2025-02-26",
            "end_Available": "2025-02-26",
            "street": "PIAZZALE PARCO NORD CREVALCORE (BO)",
            "postal_Code": "00000",
            "province": "test-province",
            "city": "test-city",
            "country": "Italy",
            "status_READY_D75_3_7": true,
            "status_Machine_Blocked": false,
            "codice_GPS": "90208",
            "sheet_Name": "Sheet",
            "customer_Name": "geovest",
            "matricola_Bte": "25P0033",
            "matricola_Kgn": "250404",
            "ip_Router": "10.20.2.33",
            "note": "00000",
            "gps_x": "44.72518",
            "gps_y": "11.149618",
            "municipility": "CREVALCORE (BO)",
            "customer": "geovest",
            "address": "PIAZZALE PARCO NORD"
        },
        {
            "id": 82,
            "machine_Name": "82",
            "status": 0,
            "waste": "Plastica",
            "linux_Version": "v0",
            "start_Available": "2025-02-26",
            "end_Available": "2025-02-26",
            "street": "Via test",
            "postal_Code": "00000",
            "province": "test-province",
            "city": "test-city",
            "country": "Italy",
            "status_READY_D75_3_7": false,
            "status_Machine_Blocked": true,
            "codice_GPS": "0000",
            "sheet_Name": "Sheet",
            "customer_Name": "geovest",
            "matricola_Bte": "25P0166",
            "matricola_Kgn": "250504",
            "ip_Router": "10.20.2.34",
            "note": "00000",
            "gps_x": "",
            "gps_y": "",
            "municipility": "",
            "customer": "",
            "address": ""
        },
        {
            "id": 83,
            "machine_Name": "83",
            "status": 0,
            "waste": "plastica",
            "linux_Version": "v0",
            "start_Available": "2025-02-26",
            "end_Available": "2025-02-26",
            "street": "VIA SAN MAURO MONTEGROTTO TER",
            "postal_Code": "00000",
            "province": "test-province",
            "city": "test-city",
            "country": "Italy",
            "status_READY_D75_3_7": true,
            "status_Machine_Blocked": false,
            "codice_GPS": "31501",
            "sheet_Name": "Sheet_90",
            "customer_Name": "etra",
            "matricola_Bte": "00000",
            "matricola_Kgn": "00000",
            "ip_Router": "10.20.1.58",
            "note": "-----",
            "gps_x": "45.327259",
            "gps_y": "11.791393",
            "municipility": "MONTEGROTTO TER",
            "customer": "etra",
            "address": "VIA SAN MAURO"
        },
        {
            "id": 84,
            "machine_Name": "84",
            "status": 0,
            "waste": "secco",
            "linux_Version": "v0",
            "start_Available": "2025-02-26",
            "end_Available": "2025-02-26",
            "street": "VIA KGN TEST KGN TEST",
            "postal_Code": "00000",
            "province": "test-province",
            "city": "test-city",
            "country": "Italy",
            "status_READY_D75_3_7": false,
            "status_Machine_Blocked": true,
            "codice_GPS": "99316",
            "sheet_Name": "Sheet_91",
            "customer_Name": "kgn",
            "matricola_Bte": "000000",
            "matricola_Kgn": "00000",
            "ip_Router": "10.20.2.53",
            "note": "-----",
            "gps_x": "45.653763",
            "gps_y": "11.563415",
            "municipility": "KGN TEST",
            "customer": "kgn",
            "address": "VIA KGN TEST"
        },
        {
            "id": 85,
            "machine_Name": "85",
            "status": 0,
            "waste": "plastica",
            "linux_Version": "v0",
            "start_Available": "2025-02-26",
            "end_Available": "2025-02-26",
            "street": "VIA UGO LA MALFA CREVALCORE (BO)",
            "postal_Code": "00000",
            "province": "test-province",
            "city": "test-city",
            "country": "Italy",
            "status_READY_D75_3_7": true,
            "status_Machine_Blocked": false,
            "codice_GPS": "90510",
            "sheet_Name": "Sheet_92",
            "customer_Name": "geovest",
            "matricola_Bte": "25P0171",
            "matricola_Kgn": "250507",
            "ip_Router": "10.20.2.37",
            "note": "-----",
            "gps_x": "44.769653",
            "gps_y": "11.254831",
            "municipility": "CREVALCORE (BO)",
            "customer": "geovest",
            "address": "VIA UGO LA MALFA"
        },
        {
            "id": 86,
            "machine_Name": "86",
            "status": 0,
            "waste": "Plastica",
            "linux_Version": "v0",
            "start_Available": "2025-05-14",
            "end_Available": "2025-05-14",
            "street": "via San Mauro Montegrotto",
            "postal_Code": "00000",
            "province": "PD",
            "city": "Montegrotto",
            "country": "Italy",
            "status_READY_D75_3_7": true,
            "status_Machine_Blocked": true,
            "codice_GPS": "0000",
            "sheet_Name": "Sheet_93",
            "customer_Name": "geovest",
            "matricola_Bte": "25P0173",
            "matricola_Kgn": "250511",
            "ip_Router": "10.20.2.62",
            "note": "-----",
            "gps_x": "",
            "gps_y": "",
            "municipility": "",
            "customer": "",
            "address": ""
        },
        {
            "id": 87,
            "machine_Name": "87",
            "status": 0,
            "waste": "RSU",
            "linux_Version": "v0",
            "start_Available": "2025-05-14",
            "end_Available": "2025-05-14",
            "street": "via test",
            "postal_Code": "00000",
            "province": "PD",
            "city": "test-city",
            "country": "Italy",
            "status_READY_D75_3_7": false,
            "status_Machine_Blocked": true,
            "codice_GPS": "0000",
            "sheet_Name": "Sheet_94",
            "customer_Name": "geovest",
            "matricola_Bte": "25P0172",
            "matricola_Kgn": "250510",
            "ip_Router": "10.20.2.61",
            "note": "-----",
            "gps_x": "",
            "gps_y": "",
            "municipility": "",
            "customer": "",
            "address": ""
        },
        {
            "id": 88,
            "machine_Name": "88",
            "status": 0,
            "waste": "secco",
            "linux_Version": "v0",
            "start_Available": "2025-05-14",
            "end_Available": "2025-05-14",
            "street": "VIA BRIGATA SASSARI ASIAGO (VI)",
            "postal_Code": "00000",
            "province": "test-province",
            "city": "test-city",
            "country": "Italy",
            "status_READY_D75_3_7": false,
            "status_Machine_Blocked": true,
            "codice_GPS": "3302",
            "sheet_Name": "Sheet_88",
            "customer_Name": "etra",
            "matricola_Bte": "00000",
            "matricola_Kgn": "00000",
            "ip_Router": "10.20.1.19",
            "note": "-----",
            "gps_x": "45.876075",
            "gps_y": "11.506706",
            "municipility": "ASIAGO (VI)",
            "customer": "etra",
            "address": "VIA BRIGATA SASSARI"
        },
        {
            "id": 89,
            "machine_Name": "89",
            "status": 0,
            "waste": "plastica",
            "linux_Version": "v0",
            "start_Available": "2025-05-14",
            "end_Available": "2025-05-14",
            "street": "via test",
            "postal_Code": "00000",
            "province": "test-province",
            "city": "test-city",
            "country": "Italy",
            "status_READY_D75_3_7": false,
            "status_Machine_Blocked": true,
            "codice_GPS": "0000",
            "sheet_Name": "Sheet_89",
            "customer_Name": "geovest",
            "matricola_Bte": "25P0287",
            "matricola_Kgn": "250608",
            "ip_Router": "10.20.2.48",
            "note": "-----",
            "gps_x": "",
            "gps_y": "",
            "municipility": "",
            "customer": "",
            "address": ""
        },
        {
            "id": 9,
            "machine_Name": "9",
            "status": 1,
            "waste": "secco",
            "linux_Version": "00000",
            "start_Available": "2019-01-01",
            "end_Available": "2019-01-01",
            "street": "VIA TICINO SUP RUBANO (PD)",
            "postal_Code": "00000",
            "province": "00000",
            "city": "00000",
            "country": "00000",
            "status_READY_D75_3_7": true,
            "status_Machine_Blocked": false,
            "codice_GPS": "1304",
            "sheet_Name": "Sheet1",
            "customer_Name": "etra",
            "matricola_Bte": "BTE12345",
            "matricola_Kgn": "067890",
            "ip_Router": "10.20.1.24",
            "note": "Some notes",
            "gps_x": "45.422954",
            "gps_y": "11.813733",
            "municipility": "RUBANO (PD)",
            "customer": "etra",
            "address": "VIA TICINO SUP"
        },
        {
            "id": 90,
            "machine_Name": "90",
            "status": 0,
            "waste": "Indifferenziato",
            "linux_Version": "v0",
            "start_Available": "2025-05-14",
            "end_Available": "2025-05-14",
            "street": "via test",
            "postal_Code": "00000",
            "province": "test-province",
            "city": "test-city",
            "country": "Italy",
            "status_READY_D75_3_7": false,
            "status_Machine_Blocked": true,
            "codice_GPS": "0000",
            "sheet_Name": "Sheet_90",
            "customer_Name": "geovest",
            "matricola_Bte": "25P0285",
            "matricola_Kgn": "250607",
            "ip_Router": "10.20.2.44",
            "note": "-----",
            "gps_x": "",
            "gps_y": "",
            "municipility": "",
            "customer": "",
            "address": ""
        },
        {
            "id": 91,
            "machine_Name": "91",
            "status": 0,
            "waste": "plastica",
            "linux_Version": "v0",
            "start_Available": "2025-05-14",
            "end_Available": "2025-05-14",
            "street": "via test",
            "postal_Code": "00000",
            "province": "test-province",
            "city": "test-city",
            "country": "Italy",
            "status_READY_D75_3_7": false,
            "status_Machine_Blocked": true,
            "codice_GPS": "0000",
            "sheet_Name": "Sheet91",
            "customer_Name": "geovest",
            "matricola_Bte": "25P0175",
            "matricola_Kgn": "250603",
            "ip_Router": "10.20.2.39",
            "note": "----",
            "gps_x": "",
            "gps_y": "",
            "municipility": "",
            "customer": "",
            "address": ""
        },
        {
            "id": 92,
            "machine_Name": "92",
            "status": 0,
            "waste": "plastica",
            "linux_Version": "v0",
            "start_Available": "2025-05-14",
            "end_Available": "2025-05-14",
            "street": "via test",
            "postal_Code": "00000",
            "province": "test-province",
            "city": "test-city",
            "country": "Italy",
            "status_READY_D75_3_7": false,
            "status_Machine_Blocked": true,
            "codice_GPS": "0000",
            "sheet_Name": "Sheet92",
            "customer_Name": "geovest",
            "matricola_Bte": "25P0284",
            "matricola_Kgn": "250605",
            "ip_Router": "10.20.2.43",
            "note": "----",
            "gps_x": "",
            "gps_y": "",
            "municipility": "",
            "customer": "",
            "address": ""
        },
        {
            "id": 93,
            "machine_Name": "93",
            "status": 0,
            "waste": "Plastica",
            "linux_Version": "v0",
            "start_Available": "2025-05-14",
            "end_Available": "2025-05-14",
            "street": "via test",
            "postal_Code": "00000",
            "province": "test-province",
            "city": "test-city",
            "country": "Italy",
            "status_READY_D75_3_7": false,
            "status_Machine_Blocked": true,
            "codice_GPS": "0000",
            "sheet_Name": "Sheet93",
            "customer_Name": "geovest",
            "matricola_Bte": "25P0287",
            "matricola_Kgn": "250608",
            "ip_Router": "10.20.2.48",
            "note": "----",
            "gps_x": "",
            "gps_y": "",
            "municipility": "",
            "customer": "",
            "address": ""
        },
        {
            "id": 94,
            "machine_Name": "94",
            "status": 0,
            "waste": "plastica",
            "linux_Version": "v0",
            "start_Available": "2025-05-14",
            "end_Available": "2025-05-14",
            "street": "via test",
            "postal_Code": "00000",
            "province": "test-province",
            "city": "test-city",
            "country": "Italy",
            "status_READY_D75_3_7": false,
            "status_Machine_Blocked": true,
            "codice_GPS": "0000",
            "sheet_Name": "Sheet94",
            "customer_Name": "geovest",
            "matricola_Bte": "25P0288",
            "matricola_Kgn": "250610",
            "ip_Router": "10.20.2.52",
            "note": "----",
            "gps_x": "",
            "gps_y": "",
            "municipility": "",
            "customer": "",
            "address": ""
        },
        {
            "id": 95,
            "machine_Name": "95",
            "status": 0,
            "waste": "Carta",
            "linux_Version": "v0",
            "start_Available": "2025-05-14",
            "end_Available": "2025-05-14",
            "street": "via test",
            "postal_Code": "00000",
            "province": "test-province",
            "city": "test-city",
            "country": "Italy",
            "status_READY_D75_3_7": false,
            "status_Machine_Blocked": true,
            "codice_GPS": "0000",
            "sheet_Name": "Sheet95",
            "customer_Name": "geovest",
            "matricola_Bte": "25P0170",
            "matricola_Kgn": "250601",
            "ip_Router": "10.20.2.42",
            "note": "----",
            "gps_x": "",
            "gps_y": "",
            "municipility": "",
            "customer": "",
            "address": ""
        },
        {
            "id": 96,
            "machine_Name": "96",
            "status": 0,
            "waste": "Carta",
            "linux_Version": "v0",
            "start_Available": "2025-05-14",
            "end_Available": "2025-05-14",
            "street": "via test",
            "postal_Code": "00000",
            "province": "test-province",
            "city": "test-city",
            "country": "Italy",
            "status_READY_D75_3_7": false,
            "status_Machine_Blocked": true,
            "codice_GPS": "0000",
            "sheet_Name": "Sheet96",
            "customer_Name": "geovest",
            "matricola_Bte": "25P0286",
            "matricola_Kgn": "250606",
            "ip_Router": "10.20.2.46",
            "note": "----",
            "gps_x": "",
            "gps_y": "",
            "municipility": "",
            "customer": "",
            "address": ""
        },
        {
            "id": 97,
            "machine_Name": "97",
            "status": 0,
            "waste": "Indifferenziato",
            "linux_Version": "v0",
            "start_Available": "2025-05-14",
            "end_Available": "2025-05-14",
            "street": "via test",
            "postal_Code": "00000",
            "province": "test-province",
            "city": "test-city",
            "country": "Italy",
            "status_READY_D75_3_7": false,
            "status_Machine_Blocked": true,
            "codice_GPS": "0000",
            "sheet_Name": "Sheet97",
            "customer_Name": "geovest",
            "matricola_Bte": "25P0174",
            "matricola_Kgn": "250602",
            "ip_Router": "10.20.2.41",
            "note": "----",
            "gps_x": "",
            "gps_y": "",
            "municipility": "",
            "customer": "",
            "address": ""
        },
        {
            "id": 98,
            "machine_Name": "98",
            "status": 0,
            "waste": "Indifferenziato",
            "linux_Version": "v0",
            "start_Available": "2025-05-14",
            "end_Available": "2025-05-14",
            "street": "via test",
            "postal_Code": "00000",
            "province": "test-province",
            "city": "test-city",
            "country": "Italy",
            "status_READY_D75_3_7": false,
            "status_Machine_Blocked": true,
            "codice_GPS": "0000",
            "sheet_Name": "Sheet98",
            "customer_Name": "geovest",
            "matricola_Bte": "25P0176",
            "matricola_Kgn": "250604",
            "ip_Router": "10.20.2.40",
            "note": "----",
            "gps_x": "",
            "gps_y": "",
            "municipility": "",
            "customer": "",
            "address": ""
        },
        {
            "id": 99,
            "machine_Name": "99",
            "status": 0,
            "waste": "Indifferenziato",
            "linux_Version": "v0",
            "start_Available": "2025-05-14",
            "end_Available": "2025-05-14",
            "street": "via test",
            "postal_Code": "00000",
            "province": "test-province",
            "city": "test-city",
            "country": "Italy",
            "status_READY_D75_3_7": false,
            "status_Machine_Blocked": true,
            "codice_GPS": "0000",
            "sheet_Name": "Sheet99",
            "customer_Name": "geovest",
            "matricola_Bte": "25P0285",
            "matricola_Kgn": "250607",
            "ip_Router": "10.20.2.44",
            "note": "----",
            "gps_x": "",
            "gps_y": "",
            "municipility": "",
            "customer": "",
            "address": ""
        }
    ]
}