{
    "meta": {
        "total": 104,
        "page": 2,
        "page_size": 10,
        "total_pages": 11,
        "has_next": true,
        "has_prev": true,
        "next_page": 3,
        "prev_page": 1
    },
    "data": [
        {
            "id": 14,
            "machine_Name": "14",
            "status": 1,
            "waste": "carta",
            "linux_Version": "00000",
            "start_Available": "0000-00-00",
            "end_Available": "0000-00-00",
            "street": "VIA GRONCHI RUBANO (PD)",
            "postal_Code": "00000",
            "province": "00000",
            "city": "00000",
            "country": "00000",
            "status_READY_D75_3_7": true,
            "status_Machine_Blocked": false,
            "codice_GPS": "1213",
            "sheet_Name": "00000",
            "customer_Name": "etra",
            "matricola_Bte": "00000",
            "matricola_Kgn": "241105",
            "ip_Router": "10.20.1.20",
            "note": "00000",
            "gps_x": "45.427916",
            "gps_y": "11.810757",
            "municipility": "RUBANO (PD)",
            "customer": "etra",
            "address": "VIA GRONCHI"
        },
        {
            "id": 15,
            "machine_Name": "15",
            "status": 1,
            "waste": "plastica",
            "linux_Version": "00000",
            "start_Available": "0000-00-00",
            "end_Available": "0000-00-00",
            "street": "VIA GRONCHI RUBANO (PD)",
            "postal_Code": "00000",
            "province": "00000",
            "city": "00000",
            "country": "00000",
            "status_READY_D75_3_7": true,
            "status_Machine_Blocked": false,
            "codice_GPS": "1513",
            "sheet_Name": "00000",
            "customer_Name": "etra",
            "matricola_Bte": "00000",
            "matricola_Kgn": "241108",
            "ip_Router": "10.20.1.30",
            "note": "00000",
            "gps_x": "45.427916",
            "gps_y": "11.810757",
            "municipility": "RUBANO (PD)",
            "customer": "etra",
            "address": "VIA GRONCHI"
        },
        {
            "id": 16,
            "machine_Name": "16",
            "status": 1,
            "waste": "carta",
            "linux_Version": "00000",
            "start_Available": "0000-00-00",
            "end_Available": "0000-00-00",
            "street": "VIALE BRENTA RUBANO (PD)",
            "postal_Code": "00000",
            "province": "00000",
            "city": "00000",
            "country": "00000",
            "status_READY_D75_3_7": true,
            "status_Machine_Blocked": false,
            "codice_GPS": "1206",
            "sheet_Name": "00001",
            "customer_Name": "etra",
            "matricola_Bte": "00000",
            "matricola_Kgn": "241022",
            "ip_Router": "10.20.1.21",
            "note": "00000",
            "gps_x": "45.425185",
            "gps_y": "11.817853",
            "municipility": "RUBANO (PD)",
            "customer": "etra",
            "address": "VIALE BRENTA"
        },
        {
            "id": 17,
            "machine_Name": "17",
            "status": 1,
            "waste": "secco",
            "linux_Version": "00000",
            "start_Available": "0000-00-00",
            "end_Available": "0000-00-00",
            "street": "VIALE BRENTA RUBANO (PD)",
            "postal_Code": "00000",
            "province": "00000",
            "city": "00000",
            "country": "00000",
            "status_READY_D75_3_7": true,
            "status_Machine_Blocked": false,
            "codice_GPS": "1306",
            "sheet_Name": "00000",
            "customer_Name": "etra",
            "matricola_Bte": "00000",
            "matricola_Kgn": "241025",
            "ip_Router": "10.20.1.16",
            "note": "00000",
            "gps_x": "45.425185",
            "gps_y": "11.817853",
            "municipility": "RUBANO (PD)",
            "customer": "etra",
            "address": "VIALE BRENTA"
        },
        {
            "id": 18,
            "machine_Name": "18",
            "status": 1,
            "waste": "plastica",
            "linux_Version": "00000",
            "start_Available": "0000-00-00",
            "end_Available": "0000-00-00",
            "street": "ST. S.VIGILIO VALLELAGHI (TN)",
            "postal_Code": "00000",
            "province": "00000",
            "city": "00000",
            "country": "00000",
            "status_READY_D75_3_7": true,
            "status_Machine_Blocked": false,
            "codice_GPS": "88503",
            "sheet_Name": "00000",
            "customer_Name": "asia",
            "matricola_Bte": "00000",
            "matricola_Kgn": "240720",
            "ip_Router": "10.20.1.15",
            "note": "00000",
            "gps_x": "46.064386",
            "gps_y": "10.940783",
            "municipility": "VALLELAGHI (TN)",
            "customer": "asia",
            "address": "ST. S.VIGILIO"
        },
        {
            "id": 19,
            "machine_Name": "19",
            "status": 1,
            "waste": "carta",
            "linux_Version": "00000",
            "start_Available": "0000-00-00",
            "end_Available": "0000-00-00",
            "street": "PIAZZALE LAGGIO DI CADORE VIGO DI CADORE",
            "postal_Code": "00000",
            "province": "00000",
            "city": "00000",
            "country": "00000",
            "status_READY_D75_3_7": true,
            "status_Machine_Blocked": false,
            "codice_GPS": "66207",
            "sheet_Name": "00000",
            "customer_Name": "ecomont",
            "matricola_Bte": "00000",
            "matricola_Kgn": "240605",
            "ip_Router": "10.20.1.28",
            "note": "00000",
            "gps_x": "46.496896",
            "gps_y": "12.478463",
            "municipility": "VIGO DI CADORE ",
            "customer": "ecomont",
            "address": "PIAZZALE LAGGIO DI CADORE"
        },
        {
            "id": 2,
            "machine_Name": "2",
            "status": 1,
            "waste": "carta",
            "linux_Version": "00000",
            "start_Available": "0000-00-00",
            "end_Available": "0000-00-00",
            "street": "VIA SARDEGNA BASSANO DEL GRA",
            "postal_Code": "00000",
            "province": "00000",
            "city": "00000",
            "country": "00000",
            "status_READY_D75_3_7": true,
            "status_Machine_Blocked": false,
            "codice_GPS": "14201",
            "sheet_Name": "00000",
            "customer_Name": "etra",
            "matricola_Bte": "00000",
            "matricola_Kgn": "00000",
            "ip_Router": "10.20.1.40",
            "note": "00000",
            "gps_x": "45.760499",
            "gps_y": "11.714594",
            "municipility": "BASSANO DEL GRA",
            "customer": "etra",
            "address": "VIA SARDEGNA"
        },
        {
            "id": 20,
            "machine_Name": "20",
            "status": 1,
            "waste": "carta",
            "linux_Version": "00000",
            "start_Available": "0000-00-00",
            "end_Available": "0000-00-00",
            "street": "VIA VALGRANDE PADOLA-COMELICO",
            "postal_Code": "00000",
            "province": "00000",
            "city": "00000",
            "country": "00000",
            "status_READY_D75_3_7": true,
            "status_Machine_Blocked": false,
            "codice_GPS": "66206",
            "sheet_Name": "00000",
            "customer_Name": "ecomont",
            "matricola_Bte": "00000",
            "matricola_Kgn": "241201",
            "ip_Router": "10.20.1.34",
            "note": "00000",
            "gps_x": "46.614847",
            "gps_y": "12.47504",
            "municipility": "PADOLA-COMELICO",
            "customer": "ecomont",
            "address": "VIA VALGRANDE"
        },
        {
            "id": 21,
            "machine_Name": "21",
            "status": 1,
            "waste": "secco",
            "linux_Version": "00000",
            "start_Available": "2022-01-01",
            "end_Available": "2022-01-01",
            "street": "PIAZZALE LAGGIO DI CADORE VIGO DI CADORE",
            "postal_Code": "00000",
            "province": "00000",
            "city": "00000",
            "country": "00000",
            "status_READY_D75_3_7": true,
            "status_Machine_Blocked": false,
            "codice_GPS": "66307",
            "sheet_Name": "00000",
            "customer_Name": "ecomont",
            "matricola_Bte": "00000",
            "matricola_Kgn": "240727",
            "ip_Router": "10.20.1.22",
            "note": "00000",
            "gps_x": "46.496896",
            "gps_y": "12.478463",
            "municipility": "VIGO DI CADORE ",
            "customer": "ecomont",
            "address": "PIAZZALE LAGGIO DI CADORE"
        },
        {
            "id": 22,
            "machine_Name": "22",
            "status": 1,
            "waste": "Carta",
            "linux_Version": "00000",
            "start_Available": "0000-00-00",
            "end_Available": "0000-00-00",
            "street": "Via Valgrande Padola-Comelico",
            "postal_Code": "00000",
            "province": "00000",
            "city": "00000",
            "country": "00000",
            "status_READY_D75_3_7": true,
            "status_Machine_Blocked": false,
            "codice_GPS": "0000",
            "sheet_Name": "00000",
            "customer_Name": "etra",
            "matricola_Bte": "00000",
            "matricola_Kgn": "00000",
            "ip_Router": "10.20.1.44",
            "note": "00000",
            "gps_x": "",
            "gps_y": "",
            "municipility": "",
            "customer": "",
            "address": ""
        }
    ]
}